mac,0
furry_irl,1
dogecoin,2
deathnote,3
UIUC,4
TheGamer,5
Vinesauce,6
FORTnITE,7
ClashRoyale,8
Metroid,9
uAlberta,10
Astronomy,11
lifeisstrange,12
oddlyspecific,13
sadboys,14
college,15
canucks,16
castlevania,17
NYYankees,18
sarmssourcetalk,19
GalaxysEdge,20
CelebrityArmpits,21
microsoft,22
metro,23
gaybrosgonemild,24
beholdthemasterrace,25
MarioKartTour,26
progresspics,27
StardustCrusaders,28
EDM,29
nintendo,30
13or30,31
UnexpectedJoJo,32
yugioh,33
leaves,34
FUTMobile,35
git,36
ShingekiNoKyojin,37
PlayStationNow,38
pyrocynical,39
xfl,40
sennheiser,41
canadients,42
LPOTL,43
EliteMiners,44
Insurance,45
SnapLenses,46
Lenovo,47
ShitAmericansSay,48
Animal_Sanctuary,49
FanTheories,50
OpenMediaVault,51
badhistory,52
LiverpoolFC,53
assholetax,54
sex,55
waze,56
latterdaysaints,57
Eve,58
Bless,59
grime,60
everquest,61
teslamotors,62
HighschoolDxD,63
Beastars,64
menwritingwomen,65
RocketLeagueEsports,66
wyzecam,67
iBUYPOWER,68
relationships,69
tifu,70
Ohio,71
consulting,72
peopleofwalmart,73
wicked_edge,74
lastweektonight,75
blogsnark,76
PCRedDead,77
NetflixViaVPN,78
malelivingspace,79
BitcoinMarkets,80
binance,81
greenday,82
SwitchHacks,83
anno,84
weddingshaming,85
CoronavirusCA,86
Cityofheroes,87
submechanophobia,88
iZone,89
CollegeBasketball,90
hungary,91
AskElectronics,92
GuildWars,93
ftlgame,94
StarWarsLeaks,95
conspiracy,96
poppunkers,97
Bitcoin,98
shadow_of_war,99
OkCupid,100
nyc,101
JohnMayer,102
Nicegirls,103
DaveAndBusters,104
SuperModelIndia,105
oakland,106
macbook,107
WeCantStudy,108
OCD,109
walmart,110
mmafights,111
Catan,112
flashlight,113
podcasts,114
AskPhotography,115
Rabbits,116
surfing,117
VPN,118
MySingingMonsters,119
TikTokCringe,120
TTVreborn,121
Garmin,122
duckduckgo,123
FFXIVGlamours,124
AndroidTV,125
gmod,126
egg_irl,127
pharmacy,128
PokeMoonSun,129
celestegame,130
csMajors,131
CurseofStrahd,132
KrunkerIO,133
USPS,134
pornfree,135
newsbabes,136
IdiotsNearlyDying,137
cosplaybabes,138
weddingplanning,139
zelda,140
WhiteWolfRPG,141
PokemonROMhacks,142
printSF,143
SwitchPirates,144
thebachelor,145
msp,146
LetsNotMeet,147
WEPES,148
SonicTheHedgehog,149
internetparents,150
PUBGXboxOne,151
FRC,152
FitnessGuidesSharing,153
worldwarzthegame,154
asktransgender,155
AskMen,156
csharp,157
LineageOS,158
ofcoursethatsathing,159
AyyMD,160
ask,161
whiteknighting,162
DrainTheSwamp,163
ValveIndex,164
CelebBattles,165
Strava,166
blackmagicfuckery,167
Switzerland,168
yorku,169
shittyfoodporn,170
prisonarchitect,171
techsupport,172
HighHeels,173
motorcycles,174
WiiHacks,175
DeadOrAlive,176
depressionregimens,177
Crostini,178
Isekai,179
Fishing,180
aws,181
Shinyraids,182
bloodborne,183
disneyemojiblitz,184
bravia,185
holdmyfeedingtube,186
compsci,187
KissCartoon,188
iamveryrandom,189
ProshotMusicals,190
dyinglight,191
history,192
tressless,193
PlanetCoaster,194
creepy,195
cringepics,196
mylittlepony,197
leanfire,198
MapleStoryM,199
gatekeeping,200
nashville,201
GilmoreGirls,202
puppy101,203
whatcarshouldIbuy,204
italy,205
UCSC,206
drunk,207
deadbydaylight,208
Judaism,209
livesound,210
StackAdvice,211
FinalFantasyXII,212
Drizzy,213
RocketLeagueExchange,214
Anarchism,215
shittyaskscience,216
latin,217
civ,218
letsplay,219
ARG,220
whatstheword,221
cinematography,222
StonerEngineering,223
gtaonline,224
ElectricSkateboarding,225
IRLgirls,226
GalaxyWatch,227
GMail,228
unOrdinary,229
Poetry,230
NotMyJob,231
DestinyTechSupport,232
MAAU,233
menstrualcups,234
lgg6,235
Ni_no_Kuni,236
CCW,237
tipofmytongue,238
Chipotle,239
Pathfinder_RPG,240
InternetStars,241
BDSMAdvice,242
paradoxplaza,243
neverwinternights,244
tampa,245
awfuleverything,246
LightsCameraPodcast,247
optometry,248
Maya,249
NotionSo,250
lowendgaming,251
AirBnB,252
Battletechgame,253
fantanoforever,254
guitars,255
Steam,256
deepweb,257
classicwow,258
doctorwho,259
eldertrees,260
visualnovels,261
INJUSTICE,262
Gameboy,263
Frugal,264
natureismetal,265
Optifine,266
jurassicworldevo,267
programming,268
ucf,269
saltierthancrait,270
dogswithjobs,271
cursedvideos,272
rage,273
boardgames,274
peacecorps,275
TheBlackList,276
darkestdungeon,277
AskPhysics,278
linuxmint,279
GBA4iOS,280
FortniteFashion,281
ElectricScooters,282
TheRightCantMeme,283
NoStupidQuestions,284
dbfz,285
24hoursupport,286
roguelikes,287
saskatoon,288
MensLib,289
OsuSkins,290
kde,291
Celebs,292
selfie,293
neuro,294
reactiongifs,295
asmr,296
memes,297
DelphiMurders,298
creepyasterisks,299
FireEmblemThreeHouses,300
UKPanelShowsOnly,301
Pineapplebrat,302
Fios,303
Economics,304
texas,305
JohnWick,306
tattoo,307
SteamPlay,308
bourbon,309
moddedandroidapps,310
Charlotte,311
progun,312
lgbt,313
gwent,314
KendrickLamar,315
nier,316
Stoicism,317
WC3,318
ABoringDystopia,319
TrueOffMyChest,320
UberEATS,321
TalesFromYourServer,322
HomeKit,323
EpicGamesPC,324
DankMemesFromSite19,325
litrpg,326
askcarsales,327
acne,328
GuitarAmps,329
amazonecho,330
Ultralight,331
Blasphemous,332
judo,333
dragonage,334
leagueoflegends,335
GakiNoTsukai,336
oldschoolrs,337
docker,338
galaxynote10,339
AteTheOnion,340
SolusProject,341
ems,342
deeplearning,343
sports,344
bingingwithbabish,345
Overwatch_Memes,346
vanderpumprules,347
business,348
gpdwin,349
ClashOfClans,350
singapore,351
TheMonkeysPaw,352
FalloutMods,353
snes,354
TeamfightTactics,355
StarWarsCantina,356
fullmoviesonyoutube,357
collapse,358
plantclinic,359
IndiaSpeaks,360
kubernetes,361
nfsnolimits,362
AMA,363
hotones,364
Plumbing,365
NewTubers,366
Slovenia,367
3dspiracy,368
audioengineering,369
California,370
mobilerepair,371
Kengan_Ashura,372
gay_irl,373
uncharted,374
BeautifulFemales,375
ffxi,376
HyperX,377
GabrielFernandez,378
rosin,379
flexibility,380
TurkeyJerky,381
CryptoCurrency,382
buildapcsales,383
antivirus,384
ProCreate,385
vuejs,386
GAMSAT,387
vscode,388
Jeopardy,389
darksouls3,390
IASIP,391
smiledirectclub,392
toptalent,393
synthesizers,394
iran,395
HistoryMemes,396
averagedickproblems,397
running,398
stupidpol,399
asianamerican,400
SiliconValleyHBO,401
shittyrainbow6,402
OreGairuSNAFU,403
django,404
PokemonSwordAndShield,405
mechanical_gifs,406
warface,407
AnimalsBeingDerps,408
Vanced,409
TheSimpsons,410
9anime,411
AskOuija,412
TelegramGroups,413
goddesses,414
fireemblem,415
fountainpens,416
Boxing,417
minimalism,418
oculus,419
youtubehaiku,420
unixporn,421
CanadianMOMs,422
FortniteCompetitive,423
pregnant,424
IdiotsFightingThings,425
gradadmissions,426
exmuslim,427
Comcast_Xfinity,428
flying,429
FioraMains,430
synology,431
Genealogy,432
brasil,433
BMW,434
traaaaaaannnnnnnnnns,435
VoteBlue,436
HVAC,437
BadMensAnatomy,438
zerocarb,439
dbxv,440
SWORDS,441
fairytail,442
VerifiedFeet,443
hockey,444
toarumajutsunoindex,445
Flipping,446
Dynavap,447
computers,448
Landlord,449
saplings,450
esp8266,451
cardano,452
HeadphoneAdvice,453
TheEricAndreShow,454
CODWarzone,455
teenagersnew,456
askTO,457
bulgaria,458
assassinscreed,459
shitpostemblem,460
Guitar,461
TombRaider,462
afkarena,463
serialkillers,464
Welding,465
Snus,466
imaginarymaps,467
AppleMusic,468
GlobalOffensiveTrade,469
MurderedByWords,470
Shoestring,471
VietNam,472
reactnative,473
reptiles,474
JUSTNOFAMILY,475
newzealand,476
nrl,477
britishproblems,478
entitledparents,479
neoliberal,480
stopdrinking,481
AraAra,482
CharacterRant,483
warcraftlore,484
RoyalDice,485
chromeos,486
Basketball,487
NextCloud,488
camping,489
StateOfDecay,490
rum,491
Discord_Bots,492
findfashion,493
woahdude,494
PS4Pro,495
mytimeatportia,496
medical,497
Patriots,498
canon,499
shoptitans,500
razer,501
bigboobproblems,502
fermentation,503
googleplaymusic,504
medicalschool,505
FitAndNatural,506
melbourne,507
punk,508
washingtondc,509
gaming,510
DnD5e,511
FFRecordKeeper,512
weightroom,513
nonononoyes,514
AnnePro,515
kitchener,516
FortNiteMobile,517
killteam,518
apexlegends,519
NoFap,520
Hamilton,521
ChineseLanguage,522
cemu,523
boostedboards,524
BlackClover,525
itookapicture,526
sbubby,527
ketodrunk,528
declutter,529
jessicanigri5,530
FeetToesAndSocks,531
fightsticks,532
physicianassistant,533
halifax,534
Psychonaut,535
Cartalk,536
singing,537
overlord,538
Xcom,539
RedDeadOnline,540
dropship,541
justdependathings,542
bicycling,543
GoblinSlayer,544
Warframe,545
playblackdesert,546
MindHunter,547
shortcuts,548
pickuplines,549
MLBTheShow,550
Oxygennotincluded,551
Guiltygear,552
AsianParentStories,553
MovieSuggestions,554
F13thegame,555
recruitinghell,556
ModernWarzone,557
EA_NHL,558
BabylonBerlin,559
outwardgame,560
amateurradio,561
ITCareerQuestions,562
SmashBrosUltimate,563
homelab,564
Egypt,565
China_irl,566
leafs,567
ukulele,568
PowerShell,569
CrackStatus,570
paloaltonetworks,571
milwaukee,572
CalamityMod,573
subnautica,574
TopMindsOfReddit,575
BBQ,576
homeland,577
AustralianMakeup,578
YoutubeMusic,579
flask,580
lifeafter,581
RATS,582
androiddev,583
TPB,584
shortcels,585
community,586
carvana,587
Tau40K,588
LushCosmetics,589
Assistance,590
Suomi,591
WarshipPorn,592
bravefrontier,593
ausents,594
weightlifting,595
Fuckthealtright,596
Wildlands,597
WRX,598
Cigarettes,599
blackdesertonline,600
Infinitewarfare,601
vancouver,602
learnspanish,603
brooklynninenine,604
resumes,605
fixit,606
dubai,607
Idaho,608
survivor,609
Gamingcirclejerk,610
architecture,611
VIZIO_Official,612
CemuPiracy,613
ChiefKeef,614
Fedora,615
homebridge,616
VLC,617
feminineboys,618
SophiiaDiamond,619
thisisus,620
MemePiece,621
orlando,622
wow,623
Metalcore,624
eczema,625
starcitizen,626
goodmythicalmorning,627
CoronavirusUK,628
blackops3,629
supplychain,630
Austria,631
CanadianInvestor,632
yoga,633
DrinkingGames,634
ATT,635
venmo,636
trippinthroughtime,637
couriersofreddit,638
GooglePixel,639
insurgency,640
thesopranos,641
ontario,642
MonsterHunterMeta,643
runningman,644
PixelArt,645
eupersonalfinance,646
Kings_Raid,647
modular,648
chile,649
EntitledPeople,650
ketoaustralia,651
Asthma,652
future_fight,653
xmen,654
Quebec,655
DrugNerds,656
Portland,657
OvercookedGame,658
YangForPresidentHQ,659
UKPersonalFinance,660
EarthPorn,661
datingoverthirty,662
windows,663
13ReasonsWhy,664
MaddenMobileForums,665
tennis,666
ForeverAloneDating,667
Multicopter,668
skateboarding,669
godot,670
dragonvale,671
CallHerDaddy,672
realms,673
researchchemicals,674
Sidemen,675
juul,676
projecteternity,677
farmingsimulator,678
ApexOutlands,679
OMSCS,680
BeAmazed,681
shopify,682
criticalrole,683
kpop,684
blursedimages,685
macgaming,686
offlineTV,687
onguardforthee,688
Bowling,689
RLCraft,690
UCI,691
HongKong,692
howyoudoin,693
FundieSnark,694
Dermatology,695
kotor,696
Imperator,697
intj,698
ToiletPaperUSA,699
hardstyle,700
croatia,701
nathanforyou,702
HaircareScience,703
AmateurRoomPorn,704
DaveRamsey,705
findareddit,706
TapTapHeroes,707
LadyBoners,708
FACEITcom,709
CX5,710
swordartonline,711
dirtgame,712
hingeapp,713
magiarecord,714
iamverysmart,715
GachaLifeCringe,716
wien,717
dogelore,718
elementaryos,719
EngineeringStudents,720
LeagueConnect,721
PERSoNA,722
SecurityAnalysis,723
cripplingalcoholism,724
Modern_Family,725
ConquerorsBlade,726
shadowofmordor,727
coys,728
Edmonton,729
nottheonion,730
NarutoShinobiStriker,731
WrestleWithThePlot,732
InsanePeopleQuora,733
javahelp,734
SexyYouTubers,735
MinecraftMemes,736
CODZombies,737
Machinists,738
holdmybeer,739
golf,740
girlsfrontline,741
learnjavascript,742
HumansAreMetal,743
worldpolitics,744
space,745
gangweed,746
trap,747
3d6,748
MHGU,749
medicalschoolanki,750
steak,751
polyamory,752
discordapp,753
sffpc,754
Instagram,755
supremeclothing,756
muacjdiscussion,757
IndoorGarden,758
rocketbeans,759
phr4r,760
GTA6,761
DatGuyLirik,762
Corsair,763
snowboarding,764
Jreg,765
riverdale,766
prusa3d,767
Portal,768
MicrosoftTeams,769
DisneyPlus,770
ucla,771
productivity,772
EnaiRim,773
donthelpjustfilm,774
sailing,775
trans,776
OLED,777
oblivion,778
massage,779
CompetitiveWoW,780
originalxbox,781
roosterteeth,782
Warthunder,783
CrazyIdeas,784
backpacking,785
Spanish,786
everymanshouldknow,787
askseddit,788
pennystocks,789
Zwift,790
PlayTemtem,791
namenerds,792
svenskpolitik,793
discgolf,794
google,795
blackmirror,796
bon_appetit,797
shrooms,798
Firebase,799
TeraOnline,800
phenibut,801
XWingTMG,802
ModelsGoneMild,803
elderscrollslegends,804
operabrowser,805
climbing,806
Torchlight,807
socialism,808
puzzles,809
KillingStalking,810
Sekiro,811
Revolut,812
place,813
usenet,814
confession,815
goldrush,816
PhantomForces,817
Finanzen,818
FUCKYOUINPARTICULAR,819
math,820
OTMemes,821
BleachBraveSouls,822
houston,823
pokemontrades,824
rarepuppers,825
argentina,826
Chiraqology,827
PPC,828
Addons4Kodi,829
ShinyPokemon,830
MotorsportsReplays,831
daddit,832
playatlas,833
Megaman,834
legaladviceofftopic,835
eu4,836
EliteNetflix,837
laravel,838
suggestmeabook,839
CruciblePlaybook,840
Pathfinder_Kingmaker,841
90dayfianceuncensored,842
TheoryOfReddit,843
customhearthstone,844
fightporn,845
Outlier,846
SideProject,847
Kerala,848
Mafia3,849
mildlyinteresting,850
MTGLegacy,851
PerkByDaylight,852
seduction,853
threekings,854
nuzlocke,855
Pikabu,856
reddevils,857
OldSchoolCool,858
PoliticalHumor,859
USMC,860
TheDragonPrince,861
XboxGamePass,862
LoveIsBlindOnNetflix,863
RoleReversal,864
environment,865
StopGaming,866
Webull,867
Witcher3,868
NetflixSexEducation,869
northernireland,870
samharris,871
Citra,872
Makeup,873
CoinBase,874
Dexter,875
qnap,876
CasualConversation,877
GhostAdventures,878
SCCM,879
reddeadmysteries,880
CoronavirusMemes,881
donaldglover,882
appliancerepair,883
marvelmemes,884
insaneparents,885
DestinyChildGlobal,886
suns,887
virginvschad,888
Marriage,889
evilbuildings,890
krita,891
legogaming,892
mathmemes,893
SweatyPalms,894
Bonsai,895
SuggestALaptop,896
newtothenavy,897
titanfolk,898
DeFranco,899
TrendingReddits,900
FlashTV,901
HuntsvilleAlabama,902
rupaulsdragrace,903
TsumTsum,904
UKTVLAND,905
stevenuniverse,906
AutoDetailing,907
Unity2D,908
wwiipics,909
COVID19,910
networking,911
SSBM,912
digimon,913
Gymnastics,914
climbharder,915
polandball,916
gigabytegaming,917
SoulCalibur,918
AHADatl,919
Twitter,920
teenagers,921
arcteryx,922
VirtualYoutubers,923
JustDance,924
FreeEBOOKS,925
flightsim,926
StandUpComedy,927
Tenkinoko,928
Thunder,929
StateofDecay2,930
alberta,931
Yugioh101,932
ArtistLounge,933
conlangs,934
unturned,935
JordanPeterson,936
FFBraveExvius,937
meirl,938
dayz,939
TwoBestFriendsPlay,940
Asphalt9,941
drphil,942
linux,943
RetroArch,944
orbi,945
AskThe_Donald,946
gaymers,947
FostTalicska,948
indonesia,949
classicalmusic,950
AskFeminists,951
triathlon,952
microgrowery,953
yourmomshousepodcast,954
StardewValley,955
2007scape,956
AskAcademia,957
Letterkenny,958
miraculousladybug,959
HaloStory,960
dynastywarriors,961
alteredcarbon,962
LGBTeens,963
lotro,964
C_Programming,965
buildapcforme,966
Calgary,967
electricdaisycarnival,968
Monitors,969
phish,970
touhou,971
LosAngeles,972
metacanada,973
brakebills,974
malaysia,975
Cringetopia,976
Overwatch,977
Frat,978
gravityfalls,979
mmababes,980
HQDesi,981
projectzomboid,982
sysadmin,983
HomeImprovement,984
StLouis,985
GolfGTI,986
hiphopheads,987
AskEngineers,988
pointlesslygendered,989
Bellingham,990
exjw,991
MeanJokes,992
mealtimevideos,993
respectthreads,994
StudentLoans,995
Morrowind,996
rutgers,997
Lovecraft,998
LearnCSGO,999
underlords,1000
HighQualityGifs,1001
theHunter,1002
montreal,1003
3DS,1004
awwnime,1005
smallbusiness,1006
PlasticSurgery,1007
paypal,1008
HustleCastle,1009
Gomorrah,1010
TheBrewery,1011
AccidentalRenaissance,1012
miamidolphins,1013
airpods,1014
nasa,1015
StartledCats,1016
Gunners,1017
HPHogwartsMystery,1018
billiards,1019
Dublin,1020
Diepio,1021
lildicky,1022
PFSENSE,1023
MSILaptops,1024
startrekfleetcommand,1025
Trucks,1026
Stadia,1027
greentext,1028
circlejerk,1029
familyguy,1030
DevilMayCry,1031
koreanvariety,1032
PropagandaPosters,1033
BillBurr,1034
Hulu,1035
FiveM,1036
cosplay,1037
Albuquerque,1038
EpicSeven,1039
londonontario,1040
WWII,1041
Unexpected,1042
learnprogramming,1043
Enough_Sanders_Spam,1044
SimCity,1045
ultimateskyrim,1046
prey,1047
TheSilphArena,1048
Supernatural,1049
interestingasfuck,1050
Music,1051
TalesFromRetail,1052
RepTronics,1053
wholesomeyuri,1054
FantasyPL,1055
GIMP,1056
intermittentfasting,1057
ENLIGHTENEDCENTRISM,1058
incremental_games,1059
Markiplier,1060
btc,1061
sonarr,1062
DiagnoseMe,1063
teamliquid,1064
LSD,1065
learnmachinelearning,1066
LoveLive,1067
SapphoAndHerFriend,1068
mildlypenis,1069
KGBTR,1070
anime,1071
SubredditSimulator,1072
SBU,1073
phoenix,1074
watchpeoplesurvive,1075
YandhiLeaks,1076
privacy,1077
i3wm,1078
enderal,1079
aviation,1080
Brawlstars,1081
yesyesyesyesno,1082
wine,1083
CoronavirusFOS,1084
Adblock,1085
tales,1086
wallpapers,1087
bindingofisaac,1088
lululemon,1089
AskAnAmerican,1090
tooktoomuch,1091
Firearms,1092
TalesFromThePizzaGuy,1093
portugal,1094
JUSTNOMIL,1095
buildapc,1096
Deltarune,1097
Dominos,1098
InteriorDesign,1099
The_Wall,1100
MitchellAndWebb,1101
IndieGaming,1102
brasilivre,1103
medizzy,1104
joinsquad,1105
KingkillerChronicle,1106
FullmetalAlchemist,1107
japanlife,1108
FilthyFrank,1109
AusFinance,1110
qBittorrent,1111
IllegallySmolCats,1112
udub,1113
soccer,1114
Kaiserreich,1115
BABYMETAL,1116
boomershumor,1117
lostarkgame,1118
amiugly,1119
typescript,1120
suits,1121
DnDGreentext,1122
WWE,1123
Hawaii,1124
Spiderman,1125
DarK,1126
datascience,1127
KerbalSpaceProgram,1128
agedlikemilk,1129
dontputyourdickinthat,1130
CR10,1131
wacom,1132
DutchFIRE,1133
YMS,1134
kickasstorrents,1135
Harley,1136
Tools,1137
Dragonballsuper,1138
Pizza,1139
AndroidQuestions,1140
TheAdventureZone,1141
TimHortons,1142
rollerblading,1143
redscarepod,1144
tiktokthots,1145
gatech,1146
autism,1147
identifythisfont,1148
fantasywriters,1149
PipeTobacco,1150
Polska,1151
granturismo,1152
snakes,1153
edmproduction,1154
GenderCritical,1155
newsokur,1156
MovieStreamingSites,1157
NarcissisticAbuse,1158
Chodi,1159
AutoHotkey,1160
southafrica,1161
minnesotavikings,1162
bodymods,1163
YouFellForItFool,1164
guns,1165
Barca,1166
Brogress,1167
magicTCG,1168
NYKnicks,1169
Survival,1170
MagicArena,1171
TheOutsider,1172
sanfrancisco,1173
Autos,1174
YasuoMains,1175
BPD,1176
battlemaps,1177
lawschooladmissions,1178
EatCheapAndHealthy,1179
IWantToLearn,1180
RBI,1181
AnycubicPhoton,1182
nvidia,1183
AsiaTripper,1184
Dashcam,1185
Botchedsurgeries,1186
TargetedShirts,1187
Enhancement,1188
needforspeed,1189
Chromecast,1190
startups,1191
AnthemTheGame,1192
heroes3,1193
SkincareAddictionUK,1194
softwaregore,1195
ElgatoGaming,1196
elsword,1197
socialmedia,1198
Animewallpaper,1199
delusionalartists,1200
4Runner,1201
DJs,1202
confusing_perspective,1203
diabetes,1204
gifs,1205
UlalaIdleAdventure,1206
HouseMD,1207
ghibli,1208
CivVI,1209
gallifrey,1210
ManjaroLinux,1211
thelongdark,1212
WowUI,1213
confessions,1214
mintmobile,1215
DeadBedrooms,1216
OutOfTheLoop,1217
vainglorygame,1218
im14andthisisdeep,1219
gainit,1220
corgi,1221
japan,1222
Kaguya_sama,1223
bapcsalescanada,1224
shoebots,1225
VideoEditing,1226
AusSkincare,1227
iqos,1228
Killtony,1229
DanLeBatardShow,1230
RotMG,1231
snapchat,1232
getdisciplined,1233
DigimonReArise,1234
H3VR,1235
kingdomcome,1236
TopGear,1237
spain,1238
femalefashionadvice,1239
NFL_Draft,1240
USCIS,1241
Buddhism,1242
mikrotik,1243
grindr,1244
UCalgary,1245
kpophelp,1246
essential,1247
GifRecipes,1248
ffxiv,1249
CalPoly,1250
MordekaiserMains,1251
debian,1252
DotA2,1253
TeenMomOGandTeenMom2,1254
redstone,1255
ruby,1256
MacOS,1257
loseit,1258
ArcherFX,1259
TheWire,1260
SequelMemes,1261
facepalm,1262
ANormalDayInRussia,1263
RDR2,1264
AnimalsBeingJerks,1265
laptops,1266
VRchat,1267
AppleWatch,1268
BudgetAudiophile,1269
iPadPro,1270
Logic_301,1271
GameStop,1272
berlin,1273
PopCornTime,1274
russia,1275
kodi,1276
modelmakers,1277
BadMUAs,1278
TenseiSlime,1279
fivenightsatfreddys,1280
DkS3Builds,1281
Flights,1282
gpumining,1283
PS4Deals,1284
CoronavirusDownunder,1285
DnDBehindTheScreen,1286
ultrawidemasterrace,1287
marketing,1288
rpg,1289
shittymoviedetails,1290
criterion,1291
Invisalign,1292
slavelabour,1293
Winnipeg,1294
aircrashinvestigation,1295
AsianBeauty,1296
AdvancedRunning,1297
NightmareExpo,1298
MetalMemes,1299
TarkovMemes,1300
HIMYM,1301
KingOfTheHill,1302
Autoflowers,1303
nbadiscussion,1304
bonehurtingjuice,1305
jerseycity,1306
archeage,1307
UTAustin,1308
crappyoffbrands,1309
Lyft,1310
AskTrumpSupporters,1311
ferrets,1312
ACPocketCamp,1313
funhaus,1314
summonerschool,1315
battlefield_one,1316
harvestmoon,1317
Stronglifts5x5,1318
FASCAmazon,1319
ElderScrollsBlades,1320
shacomains,1321
ContraPoints,1322
DownUnderTV,1323
step1,1324
Norway,1325
Games,1326
nova,1327
phinvest,1328
amazon,1329
stocks,1330
stalker,1331
FemaleDatingStrategy,1332
Cosmos,1333
aoe2,1334
AbruptChaos,1335
vita,1336
goth,1337
animenocontext,1338
ich_iel,1339
Doom,1340
youtubers,1341
finance,1342
dontyouknowwhoiam,1343
Windscribe,1344
StudentNurse,1345
704nascarheat,1346
callmebyyourname,1347
modernwarfare,1348
VirginiaTech,1349
IsItBullshit,1350
scacjdiscussion,1351
MinecraftHelp,1352
allthemods,1353
SCP,1354
cleancarts,1355
90DayFiance,1356
AccidentalRacism,1357
PKA,1358
Trove,1359
surrealmemes,1360
EntitledBitch,1361
minecraftsuggestions,1362
DissidiaFFOO,1363
wholesomememes,1364
MarvelStrikeForce,1365
Breadit,1366
panelshow,1367
shittykickstarters,1368
BeardedDragons,1369
AskUK,1370
LatinaCuties,1371
AbsoluteUnits,1372
TrueCrimeDiscussion,1373
Detroit,1374
TwoXChromosomes,1375
MDMA,1376
puns,1377
Banished,1378
OnePieceTC,1379
Grapplerbaki,1380
diablo2,1381
Lowes,1382
GranblueFantasyVersus,1383
rantgrumps,1384
fragrance,1385
battlestations,1386
Astroneer,1387
wowthissubexists,1388
PostMalone,1389
PathOfExileBuilds,1390
splatoon,1391
BlackMetal,1392
utdallas,1393
CrappyDesign,1394
NZXT,1395
Showerthoughts,1396
raisedbynarcissists,1397
DavidDobrik,1398
noveltranslations,1399
treedibles,1400
BnHAOnesJustice,1401
Tekken,1402
orangecounty,1403
Mindfulness,1404
PressureCooking,1405
Midsommar,1406
Finland,1407
UFOs,1408
gigabyte,1409
bjj,1410
GarenMains,1411
shortscarystories,1412
mbti,1413
uBlockOrigin,1414
Eldenring,1415
ActualPublicFreakouts,1416
AskTechnology,1417
vegancirclejerk,1418
IdentityV,1419
Zoomies,1420
waterfox,1421
MAME,1422
TheForest,1423
DankLeft,1424
ContagiousLaughter,1425
beyondthebump,1426
GirlGamers,1427
DeepFriedMemes,1428
DarkSouls2,1429
WayOfTheBern,1430
CookieClicker,1431
plagueinc,1432
WireGuard,1433
electricvehicles,1434
clonewars,1435
SteamVR,1436
MTB,1437
PinkpillFeminism,1438
KamenRider,1439
Lexus,1440
simonfraser,1441
Maine,1442
apolloapp,1443
discordservers,1444
woweconomy,1445
bikecommuting,1446
pcmasterrace,1447
StrangerThings,1448
BravoRealHousewives,1449
gifsthatendtoosoon,1450
coolguides,1451
creepypasta,1452
Accounting,1453
Bioshock,1454
hiking,1455
PvZGardenWarfare,1456
brave_browser,1457
AmItheAsshole,1458
CarAV,1459
PraiseTheCameraMan,1460
Berserk,1461
PokemonGoSpoofing,1462
hackintosh,1463
trump,1464
oldpeoplefacebook,1465
PenmanshipPorn,1466
CrohnsDisease,1467
skyrimvr,1468
BreakPoint,1469
CombatFootage,1470
starterpacks,1471
SkincareAddiction,1472
mentalhealth,1473
macsetups,1474
ItemShop,1475
mturk,1476
LOONA,1477
comicbooks,1478
Rengarmains,1479
brockhampton,1480
pokecord,1481
Python,1482
neopets,1483
FashionRepsBST,1484
InclusiveOr,1485
reddeadredemption,1486
ezrealmains,1487
chanceme,1488
GTA,1489
transgender,1490
sonos,1491
SolidWorks,1492
ibs,1493
boulder,1494
emulation,1495
copypasta,1496
Design,1497
Davie504,1498
traderjoes,1499
MadeMeSmile,1500
hardwareswap,1501
Vaporwave,1502
destiny2,1503
HelpMeFind,1504
greysanatomy,1505
Cisco,1506
fatestaynight,1507
podcasting,1508
WizardsUnite,1509
InstacartShoppers,1510
residentevil,1511
islam,1512
OnePunchMan,1513
blenderhelp,1514
love,1515
TrueFilm,1516
itsafetish,1517
AskHistorians,1518
Slipknot,1519
metalgearsolid,1520
scufgaming,1521
PS3,1522
okbuddyretard,1523
airdots,1524
notliketheothergirls,1525
ethereum,1526
datasets,1527
d100,1528
bodybuilding,1529
badwomensanatomy,1530
CompanyOfHeroes,1531
reactgirls,1532
cellbits,1533
bestof,1534
Scrubs,1535
indianapolis,1536
3amjokes,1537
ElderScrolls,1538
Archery,1539
My600lbLife,1540
PokemonMasters,1541
gamingsuggestions,1542
The_Crew,1543
A24,1544
hotsauce,1545
oddlysatisfying,1546
GCSE,1547
Anarcho_Capitalism,1548
UnsolvedMysteries,1549
unimelb,1550
PhoenixPoint,1551
DMT,1552
pokemongo,1553
yiffinhell,1554
signal,1555
hmmm,1556
SurvivingMars,1557
podemos,1558
bouldering,1559
Shitty_Car_Mods,1560
HaggardGarage,1561
GoodGirls,1562
exredpill,1563
SamandTolki,1564
nutaku,1565
Scotland,1566
FPSAimTrainer,1567
thedavidpakmanshow,1568
Accutane,1569
HealthyFood,1570
NewOrleans,1571
HollowKnightMemes,1572
PrettyLittleLiars,1573
ps3hacks,1574
Trufemcels,1575
ironscape,1576
fantasyfootball,1577
PlaystationClassic,1578
dadswhodidnotwantpets,1579
migraine,1580
UofT,1581
portalknights,1582
LudwigAhgren,1583
fo76,1584
poshmark,1585
lawncare,1586
teslore,1587
SeriousConversation,1588
Monstercat,1589
BeachCity,1590
idlechampions,1591
TrumpCriticizesTrump,1592
nosurf,1593
Wizard101,1594
lilypichu,1595
postmates,1596
rimjob_steve,1597
GalaxyNote8,1598
nudism,1599
disneyvacation,1600
drums,1601
mazda,1602
MaddenUltimateTeam,1603
teslainvestorsclub,1604
ComedyNecrophilia,1605
MyChemicalRomance,1606
psychotherapy,1607
uberdrivers,1608
NetflixKingdom,1609
bladeandsoul,1610
obs,1611
Austin,1612
AndroidGaming,1613
SiestaKeyMTV,1614
DFO,1615
AskSF,1616
rareinsults,1617
BattlefieldV,1618
WouldYouRather,1619
learnart,1620
cringe,1621
rstats,1622
myfriendwantstoknow,1623
lostpause,1624
HPfanfiction,1625
Step2,1626
Pete_Buttigieg,1627
monsterhunterrage,1628
transpositive,1629
JusticeServed,1630
atheism,1631
thanosdidnothingwrong,1632
tolkienfans,1633
wedding,1634
jumpforce,1635
perth,1636
spicy,1637
dbz,1638
NEU,1639
NewSkaters,1640
Semenretention,1641
pics,1642
VinylReleases,1643
VPNTorrents,1644
thepromisedneverland,1645
hotas,1646
joker,1647
vaxxhappened,1648
AMD_Stock,1649
LearnJapanese,1650
JerkOffToDesiCelebs,1651
Proxmox,1652
ethfinance,1653
AzureLane,1654
boneworks,1655
Vindicta,1656
Etsy,1657
IBO,1658
antiMLM,1659
DaysGone,1660
acting,1661
toronto,1662
vim,1663
TheVampireDiaries,1664
ZBrush,1665
fffffffuuuuuuuuuuuu,1666
nespresso,1667
Swingers,1668
hookah,1669
CuckoldPsychology,1670
motogp,1671
craigslist,1672
Nootropics,1673
Dallas,1674
lordsmobile,1675
SkyrimTogether,1676
remnantgame,1677
electronics,1678
regina,1679
theouterworlds,1680
startrek,1681
DippingTobacco,1682
cowboybebop,1683
MobileLegendsGame,1684
infj,1685
thedivision,1686
Ebay,1687
AskLEO,1688
fujifilm,1689
terracehouse,1690
blackmagicdesign,1691
Lastshelter,1692
GamerGhazi,1693
DesignerReps,1694
FGOcomics,1695
loltyler1,1696
aspergers,1697
Banking,1698
pkmntcg,1699
batman,1700
braces,1701
CasualUK,1702
PUBG,1703
ik_ihe,1704
ketorecipes,1705
GamingLaptops,1706
futurama,1707
salesforce,1708
miniSNESmods,1709
thisismylifenow,1710
coaxedintoasnafu,1711
StrongCurves,1712
ZeroWaste,1713
GetStudying,1714
Diablo,1715
MLS,1716
VlogSquadGirls,1717
tax,1718
PlanetZoo,1719
yeezys,1720
LeagueOfMemes,1721
ShaneDawson,1722
mcgill,1723
Guildwars2,1724
akalimains,1725
Connecticut,1726
childfree,1727
wallpaper,1728
ketamine,1729
photoshop,1730
CoronavirusUS,1731
LifeProTips,1732
riskofrain,1733
Catholicism,1734
AskScienceDiscussion,1735
octopathtraveler,1736
DestinyLore,1737
BeautyGuruChatter,1738
ShitpostXIV,1739
exmormon,1740
BladeAndSorcery,1741
PHP,1742
transpassing,1743
noxappplayer,1744
theydidthemath,1745
AstralProjection,1746
nordvpn,1747
saudiarabia,1748
DragonsDogma,1749
france,1750
paintball,1751
Ghosts,1752
Gloomhaven,1753
grilling,1754
talesfromtechsupport,1755
GossipGirl,1756
SwitchXCI,1757
CovidMapping,1758
seedboxes,1759
CanadaCoronavirus,1760
SonyXperia,1761
moviescirclejerk,1762
Hair,1763
tabletopsimulator,1764
Scams,1765
VictoriaBC,1766
Steep,1767
OneyPlays,1768
firstworldproblems,1769
omegle,1770
germany,1771
Blink182,1772
KGATLW,1773
selfhosted,1774
UCSantaBarbara,1775
Anticonsumption,1776
arrow,1777
Conservative,1778
fatlogic,1779
SandersForPresident,1780
Marijuana,1781
ShitLiberalsSay,1782
transtimelines,1783
linux_gaming,1784
BigBrother,1785
Kuwait,1786
blunderyears,1787
MaliciousCompliance,1788
PSVR,1789
DynastyFF,1790
cscareerquestions,1791
TheLastAirbender,1792
powerrangers,1793
homeautomation,1794
C_S_T,1795
FLMedicalTrees,1796
Elsanna,1797
dankchristianmemes,1798
modhelp,1799
ItHadToBeBrazil,1800
redditbay,1801
Whatcouldgowrong,1802
Kenshi,1803
vegetarian,1804
That70sshow,1805
transformers,1806
AdviceAnimals,1807
homeassistant,1808
breastfeeding,1809
freegames,1810
GamingLeaksAndRumours,1811
madlads,1812
swift,1813
LegendsOfTomorrow,1814
GradSchool,1815
TheOA,1816
MonsterHunterWorld,1817
USMCboot,1818
Waxpen,1819
ChickFilA,1820
instantbarbarians,1821
PoliticalCompassMemes,1822
skiing,1823
leangains,1824
redditsync,1825
M1Finance,1826
unpopularkpopopinions,1827
Denver,1828
holdmyredbull,1829
Vaping101,1830
ProRevenge,1831
SonyAlpha,1832
trees,1833
kindlefire,1834
SubwayCreatures,1835
Cooking,1836
Destiny,1837
MortalKombat,1838
gifsthatkeepongiving,1839
wholesomejojo,1840
RiseofKingdoms,1841
starwarsspeculation,1842
Skookum,1843
grammar,1844
Militaryfaq,1845
HellsKitchen,1846
CrackSupport,1847
Fighters,1848
realasians,1849
ApksApps,1850
RobinHood,1851
ConsumeProduct,1852
eurovision,1853
buffy,1854
selfimprovement,1855
linuxhardware,1856
malegrooming,1857
webtoons,1858
funny,1859
SelfAwarewolves,1860
falloutsettlements,1861
adventuretime,1862
succulents,1863
raleigh,1864
WearOS,1865
youtube,1866
Minecraft,1867
nationalguard,1868
danganronpa,1869
awardtravel,1870
homeowners,1871
Idubbbz,1872
Marvel,1873
Jokes,1874
protools,1875
RaftTheGame,1876
cursedcomments,1877
TooAfraidToAsk,1878
Deathcore,1879
GuitarHero,1880
whatsthisbug,1881
Endgame,1882
fitmeals,1883
newreddits,1884
mysticmessenger,1885
Seattle,1886
IllegalLifeProTips,1887
Aliexpress,1888
AceAttorney,1889
booksuggestions,1890
wownoob,1891
cowboys,1892
Techno,1893
EtherMining,1894
Documentaries,1895
Bass,1896
EscapefromTarkov,1897
therewasanattempt,1898
SwitchNSPs,1899
rapbattles,1900
piano,1901
EmmaWatson,1902
ChoosingBeggars,1903
seinfeld,1904
Justrolledintotheshop,1905
delta,1906
popheads,1907
lucifer,1908
dragonballfighterz,1909
WTF,1910
Rowing,1911
TowerofGod,1912
supportlol,1913
ethtrader,1914
privacytoolsIO,1915
aldi,1916
redneckengineering,1917
BeautyBoxes,1918
LodedDiper,1919
AskSocialScience,1920
LigaMX,1921
chelseafc,1922
Amoledbackgrounds,1923
lowspecgamer,1924
SanJose,1925
adultery,1926
ActionFigures,1927
yesyesyesno,1928
horizon,1929
ExNoContact,1930
Undertale,1931
openwrt,1932
VizioTV,1933
CanadaPublicServants,1934
toastme,1935
Colombia,1936
GhettoStreetFights,1937
publix,1938
smoking,1939
Watchexchange,1940
commandandconquer,1941
Roms,1942
CreditCards,1943
MakerDAO,1944
hoggit,1945
wasletztepreis,1946
fnv,1947
Art,1948
PresidentialRaceMemes,1949
PanPorn,1950
UBC,1951
CAguns,1952
FoodPorn,1953
Coronavirus,1954
ihadastroke,1955
MUAontheCheap,1956
PoliticalDiscussion,1957
Dabs,1958
Mizkif,1959
Gaming4Gamers,1960
kdramarecommends,1961
criminalminds,1962
SrGrafo,1963
ccna,1964
Bootlegrapbattles,1965
stockx,1966
DiWHY,1967
AskEurope,1968
uplay,1969
UnusAnnus,1970
CampingGear,1971
SkyFactory,1972
MakeupAddiction,1973
cheatatmathhomework,1974
DC_Cinematic,1975
stobuilds,1976
FreeGameFindings,1977
crossdressing,1978
chicago,1979
explainlikeimfive,1980
videos,1981
Filmmakers,1982
LegionOfSkanks,1983
dndnext,1984
DidntKnowIWantedThat,1985
uruguay,1986
Monero,1987
shieldbro,1988
skyrimmods,1989
tattoos,1990
luckypatcher,1991
PewdiepieSubmissions,1992
bookdownloads,1993
algotrading,1994
nostalgia,1995
BurningMan,1996
Ubiquiti,1997
WorldOfWarships,1998
UCSD,1999
yandere_simulator,2000
JamesBond,2001
MarvelStudiosSpoilers,2002
Silverbugs,2003
TheDickShow,2004
IDontWorkHereLady,2005
wallstreetbets,2006
treeofsavior,2007
DragonRajaMobile,2008
gamemaker,2009
TheSilphRoad,2010
HealthAnxiety,2011
AMDHelp,2012
BatmanArkham,2013
MilitaryPorn,2014
Fantasy,2015
tycoon,2016
Choices,2017
britishcolumbia,2018
FedEx,2019
swrpg,2020
McDonalds,2021
Watchmen,2022
Glocks,2023
deathgrips,2024
london,2025
foshelter,2026
lotrmemes,2027
CFB,2028
WorldofTanks,2029
Miata,2030
bangalore,2031
pathofexile,2032
subaru,2033
lotr,2034
Jazz,2035
IndianGaming,2036
houkai3rd,2037
excel,2038
RWBY,2039
dungeondefenders,2040
Watches,2041
DecidingToBeBetter,2042
food,2043
TheGirlSurvivalGuide,2044
lifehacks,2045
bikewrench,2046
tf2,2047
microdosing,2048
tropico,2049
hellofresh,2050
uwaterloo,2051
jobs,2052
QueerEye,2053
kroger,2054
baseball,2055
assholedesign,2056
LegalAdviceUK,2057
Spellbreak,2058
backpacks,2059
BattleBrothers,2060
BreadTube,2061
cocktails,2062
massachusetts,2063
AskAstrologers,2064
forbiddensnacks,2065
ContestOfChampions,2066
thinkorswim,2067
suspiciouslyspecific,2068
Baking,2069
TeamSolomid,2070
combinedgifs,2071
iosgaming,2072
pinkfloyd,2073
WebGames,2074
AmazonFlexDrivers,2075
dontdeadopeninside,2076
MapleStory2,2077
houseplants,2078
KaynMains,2079
Kirby,2080
Rainmeter,2081
twentyonepilots,2082
lego,2083
Kingdom,2084
army,2085
Paladins,2086
rva,2087
xxketo,2088
coolermaster,2089
Mavericks,2090
TheCloneWars,2091
SaltLakeCity,2092
yuzu,2093
functionalprint,2094
arabfunny,2095
IndianSocial,2096
pesmobile,2097
crochet,2098
AQW,2099
fiaustralia,2100
whatsthisplant,2101
manhwa,2102
law,2103
korea,2104
haikyuu,2105
Military,2106
ebikes,2107
Animemes,2108
csgomarketforum,2109
Greekgodx,2110
JustUnsubbed,2111
HighStrangeness,2112
Eugene,2113
DarkHumorAndMemes,2114
Stretched,2115
skyrimrequiem,2116
QuotesPorn,2117
pittsburgh,2118
belgium,2119
Cleveland,2120
peloton,2121
MSI_Gaming,2122
AskNetsec,2123
howto,2124
rant,2125
LoveIslandTV,2126
Bitwarden,2127
MinionMasters,2128
cpp,2129
Grimdawn,2130
Thetruthishere,2131
civ5,2132
TheWeeknd,2133
DDLCMods,2134
Parenting,2135
OculusGo,2136
MoDaoZuShi,2137
Terraria,2138
CallOfDutyMobile,2139
NeckbeardNests,2140
riprequests,2141
foodhacks,2142
SoccerBetting,2143
f45,2144
CrackheadCraigslist,2145
PedoGate,2146
Warhammer40k,2147
G502MasterRace,2148
autotldr,2149
Turkey,2150
forza,2151
FIFA,2152
jewelry,2153
BetterEveryLoop,2154
Models,2155
drawing,2156
AppleArcade,2157
travel,2158
RachelCook,2159
WhatsWrongWithYourDog,2160
ynab,2161
hanakokun,2162
Telegram,2163
TownofSalemgame,2164
eero,2165
technology,2166
spacex,2167
vexillologycirclejerk,2168
Israel,2169
canadaguns,2170
taiwan,2171
PUBATTLEGROUNDS,2172
shittysuperpowers,2173
arabs,2174
herbalism,2175
trackers,2176
woooosh,2177
VladimirMains,2178
sto,2179
conspiracytheories,2180
mildlyinfuriating,2181
theJoeBuddenPodcast,2182
mcservers,2183
JhinMains,2184
Paranormal,2185
LaCasaDePapel,2186
gardening,2187
bootcamp,2188
SwitchHaxing,2189
DadReflexes,2190
MysteryDungeon,2191
BlackPeopleTwitter,2192
overclocking,2193
chemhelp,2194
fakehistoryporn,2195
hearthstone,2196
Logic_Studio,2197
beatles,2198
Wellington,2199
Cornell,2200
Boruto,2201
knifeclub,2202
OnMyBlock,2203
IndiaInvestments,2204
Futurology,2205
onebag,2206
actuallesbians,2207
berkeley,2208
emojipasta,2209
MrBeast,2210
FiddlesticksMains,2211
musictheory,2212
AskCulinary,2213
Cubers,2214
AfterTheLoop,2215
Frostpunk,2216
Wolcen,2217
EDF,2218
psychology,2219
LongDistance,2220
Grimes,2221
adderall,2222
GunPorn,2223
gachagaming,2224
livepd,2225
ploompax,2226
SpoiledSurvivor,2227
TigerBelly,2228
homestead,2229
JRPG,2230
spaceengineers,2231
comics,2232
spirituality,2233
TumblrInAction,2234
SULeaks,2235
FragileWhiteRedditor,2236
lost,2237
Frozen,2238
Granblue_en,2239
Twitch,2240
fantasybaseball,2241
pcmusic,2242
europe,2243
scifi,2244
OnlineDating,2245
NormMacdonald,2246
trapproduction,2247
paydaytheheist,2248
iiiiiiitttttttttttt,2249
Celebhub,2250
heroesofthestorm,2251
BanGDream,2252
australia,2253
Eyebleach,2254
lockpicking,2255
PokemonLetsGo,2256
Diablo3witchdoctors,2257
infp,2258
TrueAskReddit,2259
greece,2260
AdamCarolla,2261
LegendsOfRuneterra,2262
AskWomenOver30,2263
doordash,2264
HotWheels,2265
AskAnthropology,2266
Weddingsunder10k,2267
howardstern,2268
Tabs,2269
bloodbowl,2270
glossier,2271
arkps4,2272
movieleaks,2273
BreakUps,2274
firetvstick,2275
TalesFromTheFrontDesk,2276
freelance,2277
ABraThatFits,2278
iphone,2279
communism,2280
ForeverAlone,2281
commandline,2282
de,2283
Cloud9,2284
alexandradaddario,2285
sugarlifestyleforum,2286
GlobalOffensive,2287
PlexPosters,2288
Alienware,2289
radarr,2290
mixer,2291
playstation,2292
StreetFighter,2293
KimetsuNoYaiba,2294
LeopardsAteMyFace,2295
redesign,2296
origin,2297
ComedyCemetery,2298
MovieDetails,2299
KotakuInAction,2300
GoogleMaps,2301
seriouseats,2302
devops,2303
rap,2304
ukdrill,2305
TIHI,2306
WhyWomenLiveLonger,2307
controlgame,2308
haskell,2309
lakers,2310
socialskills,2311
EggsInc,2312
Physics,2313
rpdrcringe,2314
GERD,2315
Gamecube,2316
humblebundles,2317
godtiersuperpowers,2318
orangetheory,2319
tf2shitposterclub,2320
junjiito,2321
jailbreak_,2322
Ghostbc,2323
starbucks,2324
GameDeals,2325
electronic_cigarette,2326
OriAndTheBlindForest,2327
Nike,2328
loveafterlockup,2329
MechanicalKeyboards,2330
DiretoDoZapZap,2331
gog,2332
iptvresellers,2333
SpoiledDragRace,2334
summonerswar,2335
ShittyLifeProTips,2336
vegas,2337
DDLC,2338
F1Game,2339
ukpolitics,2340
vinyl,2341
Screenwriting,2342
GirlsMirin,2343
beer,2344
reallifedoodles,2345
trashy,2346
guitarpedals,2347
FunnyandSad,2348
rugbyunion,2349
fakecartridges,2350
BipolarReddit,2351
Wordpress,2352
Instantregret,2353
gtaglitches,2354
morbidquestions,2355
DeathByMillennial,2356
statistics,2357
characterdrawing,2358
bayarea,2359
wrestling,2360
StreetFights,2361
FrankOcean,2362
needadvice,2363
headphones,2364
russian,2365
Angular2,2366
serbia,2367
EdmontonOilers,2368
LucidDreaming,2369
Bestbuy,2370
ShitMomGroupsSay,2371
riddles,2372
iOSBeta,2373
X4Foundations,2374
NiceHash,2375
longrange,2376
skyrim,2377
badroommates,2378
bigbangtheory,2379
conspiracy_commons,2380
grandsummoners,2381
referralcodes,2382
redditrequest,2383
astrology,2384
PrettyGirls,2385
htgawm,2386
TwoSentenceHorror,2387
Broadway,2388
KidsAreFuckingStupid,2389
handbrake,2390
ARKone,2391
Adelaide,2392
netsec,2393
wii,2394
disneymagickingdoms,2395
Construction,2396
LearnUselessTalents,2397
factorio,2398
ArchitecturalRevival,2399
horrorlit,2400
DeathStranding,2401
WitchesVsPatriarchy,2402
AreTheStraightsOK,2403
lightshope,2404
ps3homebrew,2405
literature,2406
DomesticGirlfriend,2407
asaprocky,2408
xboxinsiders,2409
xxfitness,2410
pcgamingtechsupport,2411
FinalFantasy,2412
sweden,2413
HadToHurt,2414
dontstarve,2415
shameless,2416
BuzzFeedUnsolved,2417
ImpracticalJokers,2418
wholesomeanimemes,2419
FortNiteBR,2420
btd6,2421
syriancivilwar,2422
DQBuilders,2423
powerlifting,2424
biology,2425
baltimore,2426
localmultiplayergames,2427
BikiniBottomTwitter,2428
ottawa,2429
dancegavindance,2430
raimimemes,2431
Bossfight,2432
macbookpro,2433
UKInvesting,2434
beetlejuicing,2435
wholesomegifs,2436
cordcutters,2437
Sourdough,2438
NFA,2439
ptcgo,2440
NelkFilmz,2441
ChernobylTV,2442
ZodiacKiller,2443
KissAnime,2444
Brunei,2445
southpark,2446
askwomenadvice,2447
espresso,2448
LaTeX,2449
Seahawks,2450
euphoria,2451
DIY_eJuice,2452
Crunchyroll,2453
slp,2454
CFA,2455
rpghorrorstories,2456
INTP,2457
MalluBabes,2458
TrueChristian,2459
DnDHomebrew,2460
pcars,2461
GamePhysics,2462
Rateme,2463
AskWomen,2464
Rockband,2465
learnjava,2466
boxoffice,2467
BobsTavern,2468
k12sysadmin,2469
economy,2470
HomeDepot,2471
RedPillWomen,2472
MicrosoftRewards,2473
liluzivert,2474
MemeEconomy,2475
StarWarsBattlefront,2476
alcohol,2477
AsianMasculinity,2478
Glitch_in_the_Matrix,2479
thesims,2480
Pathfinder2e,2481
Mcat,2482
SS13,2483
barstoolsports,2484
westworld,2485
4kTV,2486
sharditkeepit,2487
sydney,2488
Romania,2489
NevilleGoddard,2490
oneplus,2491
Shadowrun,2492
orks,2493
tails,2494
travisscott,2495
tryonhaul,2496
Megaten,2497
Stremio,2498
SGExams,2499
2cb,2500
airsoft,2501
parrots,2502
ClassyPornstars,2503
NoMansSkyTheGame,2504
dankmemes,2505
yakuzagames,2506
dating,2507
Louisville,2508
survivinginfidelity,2509
etymology,2510
mycology,2511
formula1,2512
Moonlighter,2513
freedommobile,2514
NintendoSwitch,2515
uofm,2516
redditdev,2517
TryndamereMains,2518
MotoG,2519
Vive,2520
Memes_Of_The_Dank,2521
Minoxbeards,2522
frugalmalefashion,2523
CitiesSkylines,2524
Drugs,2525
KingdomHearts,2526
Swimming,2527
farcry,2528
Fitness,2529
lastimages,2530
beards,2531
tumblr,2532
Velo,2533
Animedubs,2534
ClassroomOfTheElite,2535
freenas,2536
Sacramento,2537
beta,2538
beermoney,2539
PornhubComments,2540
Re_Zero,2541
findapath,2542
China,2543
ar15,2544
UpliftingNews,2545
hardware,2546
forgeofempires,2547
MuayThai,2548
Nest,2549
MonsterLegends,2550
DaystromInstitute,2551
CanadianForces,2552
makeyourchoice,2553
java,2554
FargoTV,2555
Market76,2556
weedstocks,2557
howtonotgiveafuck,2558
Scotch,2559
premed,2560
watercooling,2561
JustBootThings,2562
Spyro,2563
outrun,2564
BobsBurgers,2565
omad,2566
bostontrees,2567
4chan,2568
ps4homebrew,2569
LasVegas,2570
Anki,2571
audiobooks,2572
hajimenoippo,2573
EASportsUFC,2574
unitedkingdom,2575
askphilosophy,2576
tylerthecreator,2577
prius,2578
osx,2579
GreenBayPackers,2580
BlackDesertMobile,2581
uwo,2582
Columbus,2583
ryerson,2584
ASU,2585
twice,2586
videogamedunkey,2587
vfx,2588
BaseBuildingGames,2589
engineering,2590
HistoryPorn,2591
HomeServer,2592
KamikazeByWords,2593
PurplePillDebate,2594
personalfinance,2595
financialindependence,2596
churning,2597
SpaceXLounge,2598
castiron,2599
Planetside,2600
JuiceWRLD,2601
delusionalcraigslist,2602
Christianity,2603
Canadian_ecigarette,2604
weed,2605
TrueDoTA2,2606
SoundBlasterOfficial,2607
Coachella,2608
tall,2609
Grimdank,2610
EmulationOnAndroid,2611
witcher,2612
jackboxgames,2613
KristenHancher,2614
lightsabers,2615
Atlanta,2616
CryptoMarkets,2617
darksouls,2618
WritingPrompts,2619
iOSthemes,2620
casualiama,2621
Roadcam,2622
CashApp,2623
aves,2624
Unity3D,2625
poker,2626
slatestarcodex,2627
Mattress,2628
Cuphead,2629
NetflixBestOf,2630
warriors,2631
TNOmod,2632
runefactory,2633
tacobell,2634
AZURE,2635
Damnthatsinteresting,2636
jacksepticeye,2637
Cyberpunk,2638
iOSProgramming,2639
NewGirl,2640
AlchemistCodeGL,2641
crafts,2642
newjersey,2643
Political_Revolution,2644
nba,2645
weightwatchers,2646
liberalgunowners,2647
Tetris,2648
tipofmyjoystick,2649
iamatotalpieceofshit,2650
lean,2651
falloutlore,2652
FuckYouKaren,2653
Gta5Modding,2654
McMaster,2655
NoContract,2656
MMORPG,2657
killingfloor,2658
tradfri,2659
hiphop101,2660
GalaxyS7,2661
verizon,2662
feetpics,2663
Neverwinter,2664
MoeMorphism,2665
Neverbrokeabone,2666
niceguys,2667
RagnarokMobile,2668
WhereAreAllTheGoodMen,2669
projectcar,2670
lawofattraction,2671
cookingforbeginners,2672
smashbros,2673
GothBoiClique,2674
birthcontrol,2675
Divorce,2676
LateStageCapitalism,2677
androidapps,2678
MCPE,2679
youngpeopleyoutube,2680
MB2Bannerlord,2681
Masterchef,2682
Konosuba,2683
CartoonNetwork,2684
anime_irl,2685
jerseyshore,2686
GrandTheftAutoV_PC,2687
WinStupidPrizes,2688
TOR,2689
radiohead,2690
dogs,2691
maryland,2692
6thForm,2693
FortniteCreative,2694
PiratedGames,2695
communism101,2696
benzodiazepines,2697
ABCDesis,2698
Beatmatch,2699
Justfuckmyshitup,2700
MergeDragons,2701
Dell,2702
MakeMeSuffer,2703
WatchPeopleDieInside,2704
Borderlands2,2705
gamecollecting,2706
Minneapolis,2707
OpenEmu,2708
TheGoodPlace,2709
LoveNikki,2710
Visible,2711
DivinityOriginalSin,2712
node,2713
PrivateInternetAccess,2714
DHgate,2715
knives,2716
thepiratebay,2717
HalfLife,2718
foldingathome,2719
Birmingham,2720
OverwatchUniversity,2721
UCDavis,2722
hockeyplayers,2723
MacMiller,2724
RedWingShoes,2725
intelnuc,2726
HomePod,2727
eGPU,2728
RoastMe,2729
acorns,2730
CSRRacing2,2731
Xiaomi,2732
jellyfin,2733
warcraft3,2734
Battlefield,2735
cosplaygirls,2736
Gintama,2737
ShitPostCrusaders,2738
listentothis,2739
appletv,2740
ShieldAndroidTV,2741
lostgeneration,2742
TryingForABaby,2743
malehairadvice,2744
Tinder,2745
sixers,2746
learnpython,2747
Nepal,2748
EDC,2749
piercing,2750
JumpChain,2751
thinkpad,2752
sexover30,2753
Instagramreality,2754
KatarinaMains,2755
n64,2756
Pacybits,2757
SuddenlyGay,2758
patreon,2759
bartenders,2760
diablo3,2761
flicks,2762
23andme,2763
ExtremeCarCrashes,2764
NorthCarolina,2765
PlantedTank,2766
HydroHomies,2767
Freegamestuff,2768
Earwolf,2769
rolex,2770
vzla,2771
intel,2772
HumansBeingBros,2773
powerwashingporn,2774
spaceporn,2775
amex,2776
UNBGBBIIVCHIDCTIICBG,2777
vipkid,2778
shroomers,2779
bald,2780
GoCommitDie,2781
apexuniversity,2782
LV426,2783
BATProject,2784
quityourbullshit,2785
miniSNES,2786
gis,2787
TrueReddit,2788
starbound,2789
WidescreenWallpaper,2790
worldbuilding,2791
progmetal,2792
Omaha,2793
Meditation,2794
AskHR,2795
dwarffortress,2796
vaporents,2797
Arcade1Up,2798
rollercoasters,2799
RPDRDRAMA,2800
AccidentalArtGallery,2801
RPClipsGTA,2802
BabyBumps,2803
ArtisanVideos,2804
solotravel,2805
billieeilish,2806
relationship_advice,2807
MadeInAbyss,2808
GearVR,2809
Jeep,2810
Leathercraft,2811
Veterans,2812
grandrapids,2813
baldursgate,2814
Hunting,2815
samsung,2816
sewing,2817
HeroWarsApp,2818
nevertellmetheodds,2819
AskLosAngeles,2820
PAXvapor,2821
dankmemer,2822
sandiego,2823
breakingmom,2824
spikes,2825
RaidShadowLegends,2826
thelastofus,2827
mechmarket,2828
mazda3,2829
pihole,2830
spongebob,2831
Diabotical,2832
instantpot,2833
FeMRADebates,2834
Awwducational,2835
chess,2836
libertarianmeme,2837
writing,2838
rpg_gamers,2839
DnD,2840
darknet,2841
FrugalFemaleFashion,2842
soylent,2843
techwearclothing,2844
ProjectFi,2845
HFY,2846
FloridaMan,2847
short,2848
SchittsCreek,2849
Hue,2850
TikThots,2851
FixedGearBicycle,2852
Brawlhalla,2853
RocketLeague,2854
CelebrityFeet,2855
streetwear,2856
oilpen,2857
opensource,2858
asexuality,2859
WormFanfic,2860
horror,2861
codevein,2862
tarot,2863
Buttcoin,2864
trailerparkboys,2865
cocaine,2866
DestinyTheGame,2867
AgainstHateSubreddits,2868
youtubetv,2869
Falcom,2870
Vampyr,2871
FellowKids,2872
csgo,2873
Vocaloid,2874
Komi_san,2875
PSO2,2876
GetMotivated,2877
ListOfSubreddits,2878
mopeio,2879
Celebswithbigtits,2880
budgetfood,2881
NBA2k,2882
neovim,2883
deadcells,2884
MixedRaceGirls,2885
Repsneakers,2886
immigration,2887
Android,2888
SwShLeaks,2889
waterloo,2890
CoronavirusWA,2891
fuckepic,2892
geopolitics,2893
billsimmons,2894
hometheater,2895
retrogaming,2896
clevercomebacks,2897
Kotlin,2898
CampingandHiking,2899
cybersecurity,2900
Hiphopcirclejerk,2901
Seaofthieves,2902
minnesota,2903
raidsecrets,2904
PleX,2905
changemyview,2906
slowcooking,2907
DragaliaLost,2908
FireEmblemHeroes,2909
geometrydash,2910
firstworldanarchists,2911
starcraft,2912
OneNote,2913
ToolBand,2914
footballhighlights,2915
amazfit,2916
NanatsunoTaizai,2917
admincraft,2918
bmpcc,2919
bicycletouring,2920
notapanelshow,2921
ExpectationVsReality,2922
MBMBAM,2923
AbandonedPorn,2924
Teachers,2925
Sat,2926
lux,2927
EdgingTalk,2928
Vans,2929
JustNoSO,2930
Korean,2931
MadokaMagica,2932
truerateme,2933
TheCircleTV,2934
animegifs,2935
thefighterandthekid,2936
CompetitiveEDH,2937
OopsDidntMeanTo,2938
Blackops4,2939
kaisamains,2940
pokemonrng,2941
ps2,2942
CatastrophicFailure,2943
badminton,2944
madisonwi,2945
ClipStudio,2946
UMD,2947
MapPorn,2948
ACT,2949
ImaginaryCharacters,2950
CallMeCarson,2951
GolfClash,2952
Borderlands,2953
Mordhau,2954
AskProgramming,2955
Advice,2956
BitLifeApp,2957
MEGA,2958
Nioh,2959
MMA,2960
Buffalo,2961
UnresolvedMysteries,2962
Fallout,2963
Cricket,2964
slaythespire,2965
ProtonVPN,2966
AdmiralBulldog,2967
TrueCrime,2968
CloneHero,2969
3dshacks,2970
educationalgifs,2971
furry,2972
ufl,2973
YuzuPiracy,2974
gamindustri,2975
CompetitiveForHonor,2976
VGC,2977
DIY,2978
engrish,2979
Psychedelics,2980
TokyoGhoul,2981
Rainbow6,2982
ketogains,2983
Rammstein,2984
fasting,2985
Cursed_Images,2986
india,2987
JustCause,2988
SexWorkersOnly,2989
techsupportgore,2990
MakeupRehab,2991
RepLadies,2992
answers,2993
Whatisthis,2994
WoT,2995
RiseofCivilizationsEn,2996
FinalFantasyVII,2997
gnome,2998
langrisser,2999
NameThatSong,3000
GarageBand,3001
7daystodie,3002
SDSU,3003
dadjokes,3004
applehelp,3005
Kappa,3006
ShadowoftheColossus,3007
The_Mueller,3008
specializedtools,3009
Madden,3010
triplej,3011
sadcringe,3012
pettyrevenge,3013
homestuck,3014
wonderdraft,3015
OnePiece,3016
FFVIIRemake,3017
CompetitiveTFT,3018
uktrees,3019
MakeupAddictionCanada,3020
French,3021
ireland,3022
mangarockapp,3023
hacking,3024
LISKiller,3025
OculusQuest,3026
WhitePeopleTwitter,3027
whatsapp,3028
asoiaf,3029
HomeNetworking,3030
DoesAnybodyElse,3031
formuladank,3032
NHLHUT,3033
tretinoin,3034
RobinHoodPennyStocks,3035
ShiptShoppers,3036
Drumkits,3037
kansascity,3038
Onision,3039
ProgrammerHumor,3040
asktrp,3041
virtualreality,3042
playboicarti,3043
Dorohedoro,3044
veganrecipes,3045
eagles,3046
todayilearned,3047
DanMachi,3048
Sonsofanarchy,3049
GalaxyS9,3050
esp32,3051
theocho,3052
ATBGE,3053
quotes,3054
CannabisExtracts,3055
Evertale,3056
mountandblade,3057
oklahoma,3058
LofiHipHop,3059
2meirl4meirl,3060
bigboye,3061
AstroGaming,3062
AccurateBattleSim,3063
ac_newhorizons,3064
Stellaris,3065
brexit,3066
attackontitan,3067
wowservers,3068
homedefense,3069
manga,3070
holdmyfries,3071
PrintedMinis,3072
Forex,3073
rawdenim,3074
Homebrewing,3075
PornoMemes,3076
grandorder,3077
dndmemes,3078
MakeNewFriendsHere,3079
G59,3080
GhostRecon,3081
woof_irl,3082
chefknives,3083
MachineLearning,3084
whichbike,3085
science,3086
ageofsigmar,3087
technicallythetruth,3088
COents,3089
festivals,3090
EnglishLearning,3091
Kanye,3092
lebanon,3093
norge,3094
IKEA,3095
MoviesAnywhere,3096
uchicago,3097
SwagBucks,3098
marvelstudios,3099
vandwellers,3100
bulletjournal,3101
UnearthedArcana,3102
CPTSD,3103
likeus,3104
books,3105
PokiNSFW3,3106
Windows10,3107
XXXTENTACION,3108
counterstrike,3109
depression,3110
xbox,3111
RoomPorn,3112
justneckbeardthings,3113
bollywood,3114
otomegames,3115
huion,3116
ElizabethWarren,3117
arenaofvalor,3118
FulfillmentByAmazon,3119
Thailand,3120
options,3121
oasis,3122
KUWTK,3123
goodyearwelt,3124
PersonalFinanceCanada,3125
Catswhoyell,3126
streetwearstartup,3127
happy,3128
Metal,3129
Simulated,3130
burdurland,3131
WGU,3132
energydrinks,3133
videography,3134
BokuNoMetaAcademia,3135
Argaming,3136
ultimate,3137
footballmanagergames,3138
30ROCK,3139
TankPorn,3140
CommercialsIHate,3141
MrRobot,3142
lostredditors,3143
MinecraftOne,3144
czech,3145
vudu,3146
Comcast,3147
cataclysmdda,3148
emacs,3149
masseffect,3150
GameTheorists,3151
ak47,3152
occult,3153
patientgamers,3154
askscience,3155
photoshopbattles,3156
Deusex,3157
Dreadlocks,3158
androidroot,3159
initiald,3160
ECE,3161
giantbomb,3162
Parahumans,3163
DCcomics,3164
fireTV,3165
assettocorsa,3166
CapitalismVSocialism,3167
FinancialCareers,3168
MarriedAtFirstSight,3169
lithuania,3170
kotakuinaction2,3171
adultswim,3172
CozyPlaces,3173
simpleliving,3174
BokuNoHeroAcademia,3175
torrentlinks,3176
subway,3177
driving,3178
EnterTheGungeon,3179
BlackPink,3180
playrust,3181
crashbandicoot,3182
blender,3183
thewalkingdead,3184
HollowKnight,3185
digitalnomad,3186
Pathfinder,3187
software,3188
bodyweightfitness,3189
Spectrum,3190
mensa,3191
GODZILLA,3192
Cinema4D,3193
martialarts,3194
plotholes,3195
GrandTheftAutoV,3196
shittymobilegameads,3197
Anxiety,3198
Sprint,3199
photography,3200
suicidebywords,3201
3Dprinting,3202
PocoPhones,3203
ramen,3204
Mustang,3205
politics,3206
PSP,3207
albiononline,3208
pathofdiablo,3209
mattcolville,3210
gamegrumps,3211
Eminem,3212
WeAreTheMusicMakers,3213
HuntShowdown,3214
sanantonio,3215
netflix,3216
antimeme,3217
ConanExiles,3218
CVS,3219
orthotropics,3220
Vermintide,3221
arkhamhorrorlcg,3222
Picard,3223
YouOnLifetime,3224
ADHD,3225
ravens,3226
FlutterDev,3227
dune,3228
Darksiders,3229
RedLetterMedia,3230
GeForceNOW,3231
Stormlight_Archive,3232
florida,3233
fatFIRE,3234
Wolfenstein,3235
EliteDangerous,3236
harrypotterwu,3237
ImmortalTaoist,3238
BollyBlindsNGossip,3239
lfg,3240
bioinformatics,3241
TheExpanse,3242
electronicmusic,3243
PicsOfUnusualBirds,3244
StarWars,3245
ror2,3246
openSUSE,3247
TwoPointHospital,3248
canada,3249
gopro,3250
whiskey,3251
dragonquest,3252
archlinux,3253
prettyaltgirls,3254
Ayahuasca,3255
MensRights,3256
dndmaps,3257
Daytrading,3258
pokemon,3259
LegaciesCW,3260
AssassinsCreedOdyssey,3261
JoeRogan,3262
Wicca,3263
medicine,3264
AnnArbor,3265
bestoflegaladvice,3266
Needafriend,3267
DunderMifflin,3268
Amsterdam,3269
electricians,3270
ApplyingToCollege,3271
TeemoTalk,3272
firefox,3273
nononono,3274
gameofthrones,3275
Edinburgh,3276
Philippines,3277
Dogtraining,3278
roblox,3279
ImaginaryWarhammer,3280
steinsgate,3281
htpc,3282
VFIO,3283
TameImpala,3284
manchester,3285
ksi,3286
CosplayNation,3287
technicalminecraft,3288
Slack,3289
FFXV,3290
galaxybuds,3291
UnethicalLifeProTips,3292
Traeger,3293
unRAID,3294
SchoolIdolFestival,3295
osugame,3296
WarhammerCompetitive,3297
PS5,3298
blessunleashed,3299
betterCallSaul,3300
askgaybros,3301
facebook,3302
Reaper,3303
infertility,3304
sololeveling,3305
aznidentity,3306
watch_dogs,3307
TheWalkingDeadGame,3308
esports,3309
mississauga,3310
investing,3311
perfectlycutscreams,3312
Retconned,3313
knighthood,3314
Bumble,3315
exchristian,3316
antiwork,3317
LGBDropTheT,3318
cheatengine,3319
reactjs,3320
LSAT,3321
HadesTheGame,3322
ENFP,3323
PS4Dreams,3324
auckland,3325
rpcs3,3326
TaylorSwift,3327
Dreams,3328
GRE,3329
redditmobile,3330
Libertarian,3331
nothingeverhappens,3332
starsector,3333
veganfitness,3334
Nirvana,3335
HunterXHunter,3336
me_irl,3337
CastleClash,3338
ekkomains,3339
SilkRoad,3340
brisbane,3341
bisexual,3342
bigtitsinbikinis,3343
Rogers,3344
IRLEasterEggs,3345
wiiu,3346
kettlebell,3347
Eesti,3348
MonsterMusume,3349
FreeGamesOnSteam,3350
TapTitans2,3351
forsen,3352
SaintSeiyaKOTZ,3353
2b2t,3354
DeepRockGalactic,3355
dotnet,3356
INDYCAR,3357
minecraftseeds,3358
PremierLeague,3359
linux4noobs,3360
EngineeringPorn,3361
arresteddevelopment,3362
thenetherlands,3363
ansible,3364
ender3,3365
SatisfactoryGame,3366
Rivenmains,3367
aww,3368
SCBuildIt,3369
SiegeAcademy,3370
obeyme,3371
DolphinEmulator,3372
animation,3373
Smite,3374
AnalogCommunity,3375
DuggarsSnark,3376
ProtectAndServe,3377
FancyFollicles,3378
fo4,3379
BoJackHorseman,3380
glasgow,3381
ft86,3382
keto,3383
introvert,3384
FL_Studio,3385
rust,3386
AdobeZii,3387
linuxadmin,3388
web_design,3389
ftm,3390
SDSGrandCross,3391
pcgaming,3392
wine_gaming,3393
DarlingInTheFranxx,3394
Coffee,3395
americandad,3396
Honda,3397
entertainment,3398
The100,3399
thegrandtour,3400
Vanessa_Bohorquez,3401
QuakeChampions,3402
Steam_Link,3403
jerma985,3404
Onlyfans_unlocked,3405
IndianFood,3406
GameDealsMeta,3407
bettafish,3408
49ers,3409
JapanTravel,3410
Porsche,3411
gasmasks,3412
Emo,3413
katiebell,3414
EmpiresAndPuzzles,3415
translator,3416
stephenking,3417
nattyorjuice,3418
CodeGeass,3419
Agraelus,3420
shorthairedhotties,3421
RPGMaker,3422
Nievamara,3423
IdleHeroes,3424
navy,3425
reddeadredemption2,3426
SwitchNSP,3427
fantasybball,3428
CityPorn,3429
RepTime,3430
socialanxiety,3431
hackthebox,3432
WatchRedditDie,3433
funkopop,3434
BuyItForLife,3435
APStudents,3436
Galaxy_S20,3437
KerbalAcademy,3438
HiTMAN,3439
thanksihateit,3440
linguistics,3441
FlarrowPorn,3442
freebies,3443
CoDCompetitive,3444
curb,3445
Costco,3446
mobilelegends,3447
audible,3448
DetroitBecomeHuman,3449
SpidermanPS4,3450
g2a,3451
pakistan,3452
SophieM,3453
ForzaHorizon,3454
iamverybadass,3455
Wellthatsucks,3456
ringdoorbell,3457
oddlyterrifying,3458
webhosting,3459
ihavesex,3460
IncelTears,3461
LogitechG,3462
hempflowers,3463
CK2GameOfthrones,3464
Toyota,3465
gamedesign,3466
bleach,3467
DeepIntoYouTube,3468
maybemaybemaybe,3469
cycling,3470
avorion,3471
rails,3472
indieheads,3473
TibiaMMO,3474
DataHoarder,3475
Anarchy101,3476
CoronaVirusTX,3477
Stims,3478
galaxys10,3479
RealEstate,3480
NASCAR,3481
SuicideWatch,3482
Enneagram,3483
HazbinHotel,3484
vitahacks,3485
PSMinecraft,3486
duolingo,3487
AmericanHorrorStory,3488
Depop,3489
Xenoblade_Chronicles,3490
HypixelSkyblock,3491
cigars,3492
Thaumcraft,3493
AnimeFigures,3494
Tokyo,3495
GTAV,3496
DrStone,3497
ledgerwallet,3498
worldnews,3499
AfterEffects,3500
arduino,3501
EDH,3502
popping,3503
mw4,3504
StockMarket,3505
1200isplenty,3506
AMCsAList,3507
IreliaMains,3508
hoi4,3509
RedHotChiliPeppers,3510
Aquariums,3511
desabafos,3512
whowouldwin,3513
rocksmith,3514
comedyhomicide,3515
TheHandmaidsTale,3516
5ToubunNoHanayome,3517
MarioMaker,3518
LiveFromNewYork,3519
uber,3520
sexstories,3521
Trainwreckstv,3522
Entrepreneur,3523
gentlemanboners,3524
SneakySasquatch,3525
GodofWar,3526
dating_advice,3527
fastfood,3528
canadacordcutters,3529
gorillaz,3530
IAmA,3531
FREE,3532
naturalbodybuilding,3533
IdiotsInCars,3534
Purdue,3535
GunAccessoriesForSale,3536
PlayStationPlus,3537
AndroidAuto,3538
crushcrush,3539
graphic_design,3540
Megumin,3541
homegym,3542
Brooklyn,3543
truegaming,3544
AEWOfficial,3545
greedfall,3546
opiates,3547
ItalyInformatica,3548
PlantsVSZombies,3549
custommagic,3550
Amouranth,3551
wisconsin,3552
offmychest,3553
FashionReps,3554
TheWayWeWere,3555
sideloaded,3556
DungeonsAndDragons,3557
weekendgunnit,3558
minipainting,3559
ifyoulikeblank,3560
VitaPiracy,3561
kpics,3562
Ring,3563
ThriftStoreHauls,3564
instant_regret,3565
gaybros,3566
harborfreight,3567
FanFiction,3568
Dogfree,3569
creepyPMs,3570
worldofpvp,3571
HomeworkHelp,3572
SWGalaxyOfHeroes,3573
SFM,3574
chernobyl,3575
twinpeaks,3576
Doomers,3577
lingling40hrs,3578
tasker,3579
r4r,3580
unrealengine,3581
MouseReview,3582
linuxquestions,3583
DMAcademy,3584
AirForce,3585
reddeadfashion,3586
EDAnonymous,3587
Minecraftbuilds,3588
Vaping,3589
BlackMesaSource,3590
Gundam,3591
HermitCraft,3592
dishonored,3593
apple,3594
languagelearning,3595
SubredditDrama,3596
knitting,3597
timbers,3598
Beyblade,3599
mexico,3600
lexapro,3601
xqcow,3602
CarPlay,3603
Browns,3604
RedditLaqueristas,3605
NatureIsFuckingLit,3606
unpopularopinion,3607
nsfwTikTok,3608
thatHappened,3609
sousvide,3610
Ask_Politics,3611
pussypassdenied,3612
lanadelrey,3613
sportsbook,3614
Disneyland,3615
AFL,3616
bostonceltics,3617
MtvChallenge,3618
araragi,3619
windowsphone,3620
AskReddit,3621
narcos,3622
CalPolyPomona,3623
Residency,3624
Piracy,3625
VALORANT,3626
IWantOut,3627
MechanicAdvice,3628
silenthill,3629
LightNovels,3630
HolUp,3631
Naruto,3632
MWLoadouts,3633
SexyWomanOfTheDay,3634
malefashionadvice,3635
AskMenOver30,3636
Sissy,3637
RapLeaks,3638
carnivore,3639
ios,3640
dreamcast,3641
TrueDetective,3642
lewronggeneration,3643
terriblefacebookmemes,3644
dataisbeautiful,3645
Metallica,3646
40kLore,3647
ShouldIbuythisgame,3648
steroids,3649
mtgfinance,3650
Audi,3651
kratom,3652
AnimalCrossing,3653
DCEUleaks,3654
forwardsfromgrandma,3655
DesignPorn,3656
freefolk,3657
analog,3658
Crossout,3659
NMSCoordinateExchange,3660
fitbit,3661
CrusaderKings,3662
amateur_boxing,3663
TeslaModel3,3664
malefashion,3665
legostarwars,3666
CEMUcaches,3667
poland,3668
Firefighting,3669
AnimalsBeingBros,3670
breakingbad,3671
cricut,3672
Reformed,3673
TEFL,3674
Rochester,3675
bigdickproblems,3676
ANTM,3677
skeptic,3678
Jaxmains,3679
pop_os,3680
nextfuckinglevel,3681
careerguidance,3682
somethingimade,3683
ecobee,3684
Tiktokhelp,3685
HowToHack,3686
CHIBears,3687
TwinCities,3688
cloudygamer,3689
Stargate,3690
KillLaKill,3691
Soundbars,3692
SquaredCircle,3693
LelaStarFanClub,3694
bakchodi,3695
Persona5,3696
2busty2hide,3697
antifastonetoss,3698
COMPLETEANARCHY,3699
MARIOPARTY,3700
nursing,3701
Roll20,3702
PS4,3703
SSAwakening,3704
ModernMagic,3705
fuseboxgames,3706
NarutoFanfiction,3707
PrequelMemes,3708
Animesuggest,3709
OKmarijuana,3710
SigSauer,3711
self,3712
gratefuldead,3713
gundeals,3714
longboarding,3715
news,3716
bidets,3717
arknights,3718
forhonor,3719
GalaxyS8,3720
meme,3721
PeakyBlinders,3722
Moviesinthemaking,3723
PartyParrot,3724
sabaton,3725
security,3726
crossfit,3727
Folding,3728
bashonubuntuonwindows,3729
PuzzleAndDragons,3730
elderscrollsonline,3731
MySummerCar,3732
SmartThings,3733
instantkarma,3734
cars,3735
animepiracy,3736
ipad,3737
Kombucha,3738
Aphantasia,3739
Csgohacks,3740
nutrition,3741
woodworking,3742
skam,3743
TheDepthsBelow,3744
kindle,3745
HostileArchitecture,3746
UnsentLetters,3747
philadelphia,3748
evangelion,3749
gatesopencomeonin,3750
guitarlessons,3751
mariokart,3752
BitcoinBeginners,3753
antinatalism,3754
dashcamgifs,3755
javascript,3756
Yogscast,3757
canberra,3758
jailbreak,3759
witchcraft,3760
raspberry_pi,3761
arcticmonkeys,3762
sony,3763
madmen,3764
PandR,3765
PiratedGTA,3766
WaltDisneyWorld,3767
DiscoElysium,3768
Dodgers,3769
alexa,3770
bangtan,3771
rickandmorty,3772
SoulKnight,3773
MonsterHunter,3774
speedrun,3775
Gunpla,3776
TheStrokes,3777
ucr,3778
German,3779
longisland,3780
callofcthulhu,3781
whitepeoplegifs,3782
Transmogrification,3783
cpp_questions,3784
tea,3785
ableton,3786
IsTodayFridayThe13th,3787
wallpaperengine,3788
sennamains,3789
Legitpiercing,3790
AskNYC,3791
60daysin,3792
movies,3793
DnB,3794
RetroFuturism,3795
AnotherEdenGlobal,3796
Volkswagen,3797
MBA,3798
Netherlands,3799
webdev,3800
Sims4,3801
RimWorld,3802
TIdaL,3803
kakarot,3804
OSHA,3805
LinusTechTips,3806
GalaxyNote9,3807
CelebsBR,3808
UpvotedBecauseBoobs,3809
opendirectories,3810
WindowsMR,3811
BoneAppleTea,3812
sharktank,3813
battlecats,3814
disney,3815
announcements,3816
SteamController,3817
Miami,3818
northernlion,3819
botw,3820
ufc,3821
KeanuBeingAwesome,3822
nfl,3823
xbox360,3824
magicthecirclejerking,3825
titanfall,3826
playark,3827
savedyouaclick,3828
showerbeer,3829
KitchenConfidential,3830
youseeingthisshit,3831
LilPeep,3832
ArtefactPorn,3833
LesbianActually,3834
Darealqueenbaddie,3835
lonely,3836
femboy,3837
Competitiveoverwatch,3838
golang,3839
DBZDokkanBattle,3840
smalldickproblems,3841
fortinet,3842
Chattanooga,3843
philosophy,3844
Citrix,3845
dank_meme,3846
RetroPie,3847
Michigan,3848
funimation,3849
TheMaskedSinger,3850
ThatLookedExpensive,3851
Shadowverse,3852
totalwar,3853
cats,3854
simracing,3855
Professors,3856
ProjectRunway,3857
GraveyardKeeper,3858
spotify,3859
aggies,3860
gamedev,3861
LivestreamFail,3862
MinecraftCommands,3863
borderlands3,3864
ProtonMail,3865
ladyladyboners,3866
Mommit,3867
Huawei,3868
FreeKarma4U,3869
Ripple,3870
realestateinvesting,3871
dxm,3872
googledrivefiles,3873
NonBinary,3874
makinghiphop,3875
legaladvice,3876
NintendoSwitchDeals,3877
Warhammer,3878
vegan,3879
amazonprime,3880
DragonballLegends,3881
vikingstv,3882
PeopleFuckingDying,3883
Feminism,3884
CompetitiveHS,3885
battlefield_4,3886
SeattleWA,3887
Shenmue,3888
acecombat,3889
miband,3890
OSU,3891
Talonmains,3892
ARK,3893
NoahGetTheBoat,3894
Darts,3895
entp,3896
audio,3897
googlehome,3898
HoMM,3899
dreamcatcher,3900
nosleep,3901
paris,3902
volleyball,3903
boottoobig,3904
ShadowPC,3905
Shroud,3906
learndota2,3907
Subliminal,3908
OMGCosplay,3909
thalassophobia,3910
ClickerHeroes,3911
AskDocs,3912
TechnoProduction,3913
FallenOrder,3914
FigureSkating,3915
China_Flu,3916
recipes,3917
Target,3918
premiere,3919
XCOM2,3920
learnmath,3921
chrome,3922
Archero,3923
starfinder_rpg,3924
iRacing,3925
lolgrindr,3926
Outlander,3927
AskScienceFiction,3928
coffeemeetsbagel,3929
Roku,3930
television,3931
sales,3932
labrats,3933
torontoraptors,3934
chemistry,3935
Dariusmains,3936
cincinnati,3937
Nikon,3938
AskVet,3939
hapas,3940
SEO,3941
pelotoncycle,3942
victoria2,3943
JoeBiden,3944
Nerf,3945
totalwarhammer,3946
Maplestory,3947
FiftyFifty,3948
Switchloader,3949
WeWantPlates,3950
reclassified,3951
CrazyHand,3952
WorkOnline,3953
R6ProLeague,3954
MtF,3955
SexWorkers,3956
beatsaber,3957
Lightroom,3958
halo,3959
MandelaEffect,3960
ThatsInsane,3961
runescape,3962
CrossStitch,3963
COVID19_support,3964
stunfisk,3965
Sino,3966
CrackWatch,3967
FifaCareers,3968
RagnarokOnline,3969
Cruise,3970
Amd,3971
Mercari,3972
LetsTalkMusic,3973
noita,3974
PCSX2,3975
Ubuntu,3976
carporn,3977
preppers,3978
Lindemann,3979
cirkeltrek,3980
realmadrid,3981
TrollXChromosomes,3982
investimentos,3983
steelseries,3984
OpenSignups,3985
insanepeoplefacebook,3986
UPS,3987
CoronaVirus_2019_nCoV,3988
8bitdo,3989
psych,3990
TheOCS,3991
DestinyFashion,3992
Supplements,3993
samsclub,3994
netflixwitcher,3995
cade,3996
YouShouldKnow,3997
absolutelynotme_irl,3998
OverwatchTMZ,3999
Indiemakeupandmore,4000
Standup,4001
h3h3productions,4002
Sneakers,4003
Pets,4004
PUBGMobile,4005
whatisthisthing,4006
Denmark,4007
MemeTemplatesOfficial,4008
IncelsWithoutHate,4009
bipolar,4010
torrents,4011
Switch,4012
PLC,4013
Blizzard,4014
RTLSDR,4015
Angels_Kimi,4016
AnisaJomha_Reddit,4017
NoGameNoLife,4018
BrandNewSentence,4019
trucksim,4020
feedthebeast,4021
AmouranthNSFW,4022
Death_By_SnuSnu,4023
oregon,4024
RabbitReddit,4025
ScottishPeopleTwitter,4026
SCUMgame,4027
amiibo,4028
LawSchool,4029
help,4030
Surface,4031
Office365,4032
Reno,4033
snapchatgeofilters,4034
MichaelReeves,4035
NEET,4036
PandemicPreps,4037
MealPrepSunday,4038
TeamRedditTeams,4039
ASUS,4040
CallOfDuty,4041
GearsOfWar,4042
crtgaming,4043
myfavoritemurder,4044
skribbl,4045
tmobile,4046
AndroidWear,4047
TeslaLounge,4048
dauntless,4049
corona,4050
vexillology,4051
LoLeventVoDs,4052
animememes,4053
linuxmasterrace,4054
Bad_Cop_No_Donut,4055
harrypotter,4056
curlyhair,4057
holdmycosmo,4058
povertyfinance,4059
KDRAMA,4060
enoughpetersonspam,4061
GoogleWiFi,4062
ashkaashh,4063
gay,4064
arma,4065
TheOriginals,4066
audiophile,4067
PublicFreakout,4068
