pics,0
worldnews,1
AskReddit,2
Home,3
Coronavirus,4
politics,5
funny,6
Minecraft,7
modernwarfare,8
leagueoflegends,9
HydroHomies,10
Archero,11
Damn_Homie__,12
PerkByDaylight,13
shoptitans,14
GachaLifeCringe,15
AraAra,16
TeamfightTactics,17
underlords,18
NoahGetTheBoat,19
SSAwakening,20
DankLeft,21
Darealqueenbaddie,22
MAAU,23
Eldenring,24
KGBTR,25
CompetitiveTFT,26
ac_newhorizons,27
HypixelSkyblock,28
PinkpillFeminism,29
PresidentialRaceMemes,30
netsec,31
nsfwTikTok,32
YouFellForItFool,33
Vindicta,34
de,35
Tiktokhelp,36
AmouranthNSFW,37
cleancarts,38
ArchitecturalRevival,39
IllegallySmolCats,40
UlalaIdleAdventure,41
SaintSeiyaKOTZ,42
PerfectlyCutScreens,43
PCRedDead,44
RLCraft,45
ConsumeProduct,46
ashkaashh,47
SneakySasquatch,48
RoyalDice,49
DailydoseofKya,50
GirlsDoLawsuits,51
AreTheStraightsOK,52
SuperModelIndia,53
DragonRajaMobile,54
DownUnderTV,55
ActualPublicFreakouts,56
SwShLeaks,57
BobsTavern,58
UnusAnnus,59
ExtremeCarCrashes,60
Shinyraids,61
dixiedamelio,62
Sheismichaela,63
MWLoadouts,64
ImmortalTaoist,65
Chodi,66
Galaxy_S20,67
Onlyfans_unlocked,68
CODWarzone,69
China_Flu,70
CoronavirusMemes,71
VALORANT,72
LoveIsBlindOnNetflix,73
CosplayNation,74
CoronaVirus_2019_nCoV,75
AHADatl,76
CoronavirusUK,77
COVID19,78
PandemicPreps,79
COVID19_support,80
ModernWarzone,81
CoronavirusUS,82
CoronavirusFOS,83
GabrielFernandez,84
programming,85
CovidMapping,86
CoronavirusDownunder,87
CanadaCoronavirus,88
EpicKarma,89
CoronavirusWA,90
CoronaVirusTX,91
CoronavirusCA,92
MedievalHistoryMemes,93
JustAFluBro,94
business,95
gadgets,96
sports,97
gaming,98
entertainment,99
math,100
comics,101
torrents,102
bioinformatics,103
Python,104
technology,105
hardware,106
software,107
linux,108
microsoft,109
podcasts,110
videos,111
apple,112
productivity,113
web_design,114
environment,115
aww,116
india,117
Economics,118
Music,119
ruby,120
anime,121
philadelphia,122
startups,123
photography,124
iphone,125
writing,126
atheism,127
rpg,128
chicago,129
japan,130
China,131
scifi,132
javascript,133
haskell,134
PHP,135
dotnet,136
osx,137
windows,138
news,139
sex,140
boston,141
movies,142
sanfrancisco,143
bestof,144
college,145
travel,146
youtube,147
google,148
uchicago,149
tech,150
help,151
books,152
europe,153
opensource,154
firefox,155
conspiracy,156
mac,157
django,158
4chan,159
history,160
food,161
recipes,162
philosophy,163
happy,164
Anarchism,165
craigslist,166
transformers,167
WTF,168
Ubuntu,169
Libertarian,170
canada,171
howto,172
playstation,173
Christianity,174
emulation,175
television,176
kde,177
Pets,178
Conservative,179
Jokes,180
russia,181
Design,182
Art,183
DIY,184
Cooking,185
Ebay,186
vinyl,187
Survival,188
lockpicking,189
Drugs,190
florida,191
ucf,192
orlando,193
newreddits,194
aws,195
space,196
pakistan,197
malaysia,198
singapore,199
australia,200
disney,201
greece,202
facebook,203
Military,204
norge,205
self,206
puzzles,207
worldpolitics,208
brasil,209
law,210
berkeley,211
horror,212
Health,213
Seattle,214
architecture,215
lost,216
Stargate,217
rap,218
operabrowser,219
dating,220
Kerala,221
Supplements,222
ireland,223
Frugal,224
LaTeX,225
islam,226
SEO,227
spirituality,228
guns,229
mazda,230
photoshop,231
golf,232
ukpolitics,233
psychology,234
spain,235
java,236
csharp,237
FinalFantasy,238
UFOs,239
quotes,240
Cricket,241
belgium,242
gay,243
doctorwho,244
chemistry,245
medicine,246
pcgaming,247
statistics,248
finance,249
vfx,250
beer,251
lgbt,252
Quebec,253
dogs,254
Marijuana,255
investing,256
Poetry,257
PS3,258
Physics,259
poker,260
MMA,261
oregon,262
manchester,263
rails,264
Wordpress,265
france,266
xbox360,267
MensRights,268
Rochester,269
gardening,270
debian,271
cars,272
privacy,273
Documentaries,274
ask,275
computers,276
lego,277
newzealand,278
occult,279
marketing,280
Forex,281
compsci,282
audio,283
NorthCarolina,284
ferrets,285
Parenting,286
Austin,287
biology,288
jobs,289
Buddhism,290
love,291
nintendo,292
geopolitics,293
texas,294
WebGames,295
C_Programming,296
comicbooks,297
Astronomy,298
linguistics,299
vancouver,300
AFL,301
NewOrleans,302
Switzerland,303
weed,304
engineering,305
vegan,306
economy,307
literature,308
yoga,309
unitedkingdom,310
bollywood,311
Gunners,312
futurama,313
vim,314
lean,315
Autos,316
chess,317
taiwan,318
pittsburgh,319
vegas,320
seduction,321
autism,322
wine,323
freelance,324
interestingasfuck,325
diabetes,326
newjersey,327
Basketball,328
California,329
LosAngeles,330
cats,331
Michigan,332
wedding,333
nyc,334
survivor,335
tarot,336
aviation,337
Metal,338
electronics,339
git,340
lakers,341
mexico,342
hacking,343
bangalore,344
LSD,345
DMT,346
INTP,347
Israel,348
security,349
wallpapers,350
collapse,351
pinkfloyd,352
Twitter,353
Games,354
emacs,355
grammar,356
Fitness,357
bulgaria,358
Hulu,359
beta,360
minnesota,361
parrots,362
triathlon,363
cycling,364
classicalmusic,365
Coffee,366
iran,367
canon,368
Sacramento,369
gamedev,370
bicycling,371
snowboarding,372
grandrapids,373
meme,374
freebies,375
cpp,376
washingtondc,377
furry,378
Portland,379
socialmedia,380
airsoft,381
Hawaii,382
astrology,383
Catholicism,384
StarWars,385
germany,386
Cyberpunk,387
soccer,388
eagles,389
toronto,390
Judaism,391
motorcycles,392
Buffalo,393
alcohol,394
Miami,395
Guitar,396
amateurradio,397
wii,398
sales,399
Sprint,400
puns,401
drums,402
mensa,403
hockey,404
smashbros,405
Rockband,406
skateboarding,407
skiing,408
Omaha,409
Maya,410
czech,411
rage,412
Eve,413
blender,414
nashville,415
formula1,416
gamedesign,417
wow,418
korea,419
techsupport,420
RealEstate,421
baltimore,422
Divorce,423
tennis,424
Atlanta,425
harrypotter,426
Polska,427
mentalhealth,428
knitting,429
Construction,430
tattoo,431
riddles,432
fastfood,433
halo,434
startrek,435
sailing,436
redditdev,437
Cisco,438
Boxing,439
DarK,440
houston,441
lithuania,442
OSU,443
lifehacks,444
bodymods,445
BurningMan,446
skeptic,447
Homebrewing,448
tattoos,449
Cigarettes,450
Advice,451
DaveRamsey,452
stocks,453
ccna,454
diablo3,455
gnome,456
Connecticut,457
socialism,458
pharmacy,459
flashlight,460
amazon,461
lonely,462
Philippines,463
memes,464
Lovecraft,465
Denmark,466
PSP,467
StockMarket,468
relationships,469
Thailand,470
punk,471
Paranormal,472
bayarea,473
longisland,474
discgolf,475
nasa,476
retrogaming,477
climbing,478
camping,479
FREE,480
tf2,481
networking,482
rugbyunion,483
massachusetts,484
audioengineering,485
VietNam,486
pickuplines,487
answers,488
Cleveland,489
melbourne,490
italy,491
macbook,492
cosplay,493
Detroit,494
smoking,495
Scotland,496
paintball,497
hookah,498
poland,499
Fantasy,500
arduino,501
sydney,502
london,503
paris,504
jewelry,505
martialarts,506
indonesia,507
UIUC,508
PlasticSurgery,509
judo,510
drunk,511
PixelArt,512
manga,513
serbia,514
GMail,515
phish,516
Egypt,517
PleX,518
Supernatural,519
bodybuilding,520
HomeImprovement,521
GERD,522
beauty,523
russian,524
Entrepreneur,525
Pizza,526
argentina,527
running,528
Rowing,529
Hunting,530
DCcomics,531
animation,532
ARG,533
Turkey,534
latin,535
Suomi,536
audible,537
Android,538
woodworking,539
fantasyfootball,540
introvert,541
Watches,542
ukulele,543
Fishing,544
northernireland,545
MMORPG,546
chrome,547
Fedora,548
flying,549
PoliticalHumor,550
Romania,551
ryerson,552
askscience,553
crochet,554
baseball,555
vegetarian,556
redditbay,557
Cruise,558
EDM,559
CFB,560
WeAreTheMusicMakers,561
Nirvana,562
selfimprovement,563
Dreams,564
mturk,565
surfing,566
Genealogy,567
Brooklyn,568
pokemon,569
nfl,570
hotsauce,571
electronicmusic,572
steak,573
CreditCards,574
portugal,575
Anxiety,576
audiophile,577
wallpaper,578
boardgames,579
bostonceltics,580
electronic_cigarette,581
Jazz,582
salesforce,583
thepiratebay,584
Piracy,585
gis,586
phoenix,587
UnsolvedMysteries,588
Hair,589
graphic_design,590
uruguay,591
engrish,592
massage,593
DrinkingGames,594
bjj,595
beards,596
LiverpoolFC,597
rant,598
infp,599
BMW,600
webhosting,601
Denver,602
Calgary,603
magicTCG,604
Ohio,605
nrl,606
ffxi,607
vmware,608
britishcolumbia,609
Meditation,610
Chattanooga,611
Emo,612
southafrica,613
kansascity,614
RATS,615
Dallas,616
montreal,617
maryland,618
sysadmin,619
realestateinvesting,620
nottheonion,621
redesign,622
StreetFighter,623
nostalgia,624
bipolar,625
Destiny,626
piano,627
ADHD,628
howardstern,629
ultimate,630
Fallout,631
PowerShell,632
confession,633
Charlotte,634
MTB,635
nba,636
FixedGearBicycle,637
Austria,638
minnesotavikings,639
sweden,640
spotify,641
xbox,642
laptops,643
piercing,644
communism,645
Watchmen,646
nutrition,647
southpark,648
Celebs,649
Diablo,650
Anarcho_Capitalism,651
Models,652
Bonsai,653
intj,654
netflix,655
Tabs,656
entp,657
Purdue,658
actuary,659
VGC,660
Eugene,661
exjw,662
virtualreality,663
DHgate,664
Bass,665
cocktails,666
backpacking,667
OnlineDating,668
editors,669
Psychonaut,670
gratefuldead,671
StLouis,672
waterloo,673
chloe,674
circlejerk,675
ottawa,676
starcraft,677
Landlord,678
dubai,679
driving,680
rva,681
SuicideWatch,682
Etsy,683
sandiego,684
German,685
tea,686
Scotch,687
confessions,688
HuntsvilleAlabama,689
hmmm,690
TEFL,691
wrestling,692
sanantonio,693
Teachers,694
GreenBayPackers,695
Warhammer,696
Bad_Cop_No_Donut,697
BPD,698
Mustang,699
crossfit,700
todayilearned,701
fffffffuuuuuuuuuuuu,702
CampingandHiking,703
pennystocks,704
audiobooks,705
depression,706
batman,707
GoogleMaps,708
Louisville,709
sony,710
WouldYouRather,711
smallbusiness,712
Audi,713
Volkswagen,714
Nikon,715
migraine,716
Feminism,717
Psychedelics,718
arresteddevelopment,719
wisconsin,720
musictheory,721
StandUpComedy,722
Colombia,723
canucks,724
Scams,725
Sneakers,726
Makeup,727
archlinux,728
NASCAR,729
webdev,730
oblivion,731
nudism,732
Nepal,733
Insurance,734
ucla,735
acne,736
ufc,737
ontario,738
LSAT,739
Reno,740
Coachella,741
etymology,742
flightsim,743
Trucks,744
letsplay,745
personalfinance,746
USMC,747
shrooms,748
arabs,749
sexstories,750
cincinnati,751
SWORDS,752
seinfeld,753
berlin,754
gifs,755
beatles,756
alexa,757
Winnipeg,758
oklahoma,759
Needafriend,760
AdamCarolla,761
army,762
Maine,763
Spanish,764
childfree,765
Whatisthis,766
Idaho,767
Darts,768
community,769
polyamory,770
mycology,771
neuro,772
cocaine,773
usenet,774
Broadway,775
kindle,776
GIMP,777
simracing,778
hackintosh,779
Screenwriting,780
prius,781
excel,782
Naruto,783
brisbane,784
JRPG,785
tax,786
fantasybaseball,787
GuildWars,788
familyguy,789
asexuality,790
tall,791
PPC,792
longboarding,793
thinkpad,794
touhou,795
immigration,796
drawing,797
OCD,798
Sat,799
HighStrangeness,800
Accounting,801
gamemaker,802
SwagBucks,803
omegle,804
DungeonsAndDragons,805
videography,806
Steam,807
Unity3D,808
bisexual,809
Norway,810
MDMA,811
Toyota,812
Honda,813
McDonalds,814
Metallica,815
GameDeals,816
runescape,817
diablo2,818
starbucks,819
pregnant,820
electricvehicles,821
kratom,822
Baking,823
Kombucha,824
trap,825
psych,826
TPB,827
FIFA,828
VPN,829
swtor,830
Daytrading,831
Albuquerque,832
alberta,833
UPS,834
transgender,835
BBQ,836
listentothis,837
UTAustin,838
PLC,839
rolex,840
reptiles,841
UBC,842
herbalism,843
GRE,844
linux4noobs,845
modhelp,846
aggies,847
Swingers,848
acting,849
ramen,850
boulder,851
LearnJapanese,852
dwarffortress,853
croatia,854
Pathfinder,855
TrueReddit,856
ChineseLanguage,857
Nerf,858
IAmA,859
Kuwait,860
modular,861
mountandblade,862
lebanon,863
BipolarReddit,864
Finland,865
Doom,866
knives,867
Portal,868
hungary,869
watercooling,870
Chipotle,871
Dogtraining,872
whiskey,873
esports,874
cigars,875
guitarpedals,876
resumes,877
relationship_advice,878
IndieGaming,879
LucidDreaming,880
exmormon,881
announcements,882
Netherlands,883
Swimming,884
Lenovo,885
Deusex,886
Cornell,887
Gymnastics,888
opiates,889
raleigh,890
minimalism,891
simpleliving,892
Amsterdam,893
DnB,894
consulting,895
Tetris,896
crafts,897
Standup,898
trump,899
medical,900
Adelaide,901
opendirectories,902
Infographics,903
Dublin,904
Filmmakers,905
Sissy,906
boxoffice,907
gmod,908
kpop,909
Ghosts,910
itookapicture,911
StreetFights,912
chromeos,913
Blizzard,914
socialanxiety,915
fermentation,916
Archery,917
USPS,918
androiddev,919
socialskills,920
TwoXChromosomes,921
asoiaf,922
ECE,923
linux_gaming,924
freegames,925
CannabisExtracts,926
analog,927
needadvice,928
TOR,929
Columbus,930
Banking,931
infj,932
VirginiaTech,933
Minneapolis,934
ARK,935
Bowling,936
MachineLearning,937
Birmingham,938
UCSC,939
radiohead,940
DiagnoseMe,941
lostgeneration,942
Marvel,943
Kirby,944
backpacks,945
NEU,946
asktransgender,947
AMA,948
Jeep,949
Stoicism,950
SCP,951
WC3,952
tipofmytongue,953
WWII,954
GradSchool,955
Nike,956
ZodiacKiller,957
somethingimade,958
SoccerBetting,959
ENFP,960
BigBrother,961
goth,962
onions,963
canberra,964
counterstrike,965
IWantOut,966
FanFiction,967
InteriorDesign,968
Alienware,969
facepalm,970
AnnArbor,971
adultswim,972
Techno,973
DoesAnybodyElse,974
visualnovels,975
MuayThai,976
zelda,977
FreeEBOOKS,978
neopets,979
malefashionadvice,980
Cubers,981
Eminem,982
badminton,983
evangelion,984
HomeworkHelp,985
tolkienfans,986
bloodbowl,987
cringe,988
UCSD,989
HelpMeFind,990
Bellingham,991
copypasta,992
windowsphone,993
FedEx,994
stalker,995
halifax,996
Kanye,997
perth,998
McMaster,999
SaltLakeCity,1000
dxm,1001
TwinCities,1002
milwaukee,1003
tumblr,1004
tampa,1005
madmen,1006
rollerblading,1007
motogp,1008
UCI,1009
learnprogramming,1010
Tokyo,1011
Nootropics,1012
Anticonsumption,1013
Dreadlocks,1014
jailbreak,1015
guitarlessons,1016
Borderlands,1017
Tools,1018
leafs,1019
dragonage,1020
rstats,1021
learnpython,1022
options,1023
madisonwi,1024
gatech,1025
woahdude,1026
ps2,1027
OLED,1028
YouShouldKnow,1029
exchristian,1030
datasets,1031
homeowners,1032
DnD,1033
botw,1034
linuxadmin,1035
TopGear,1036
Morrowind,1037
hiking,1038
Guildwars2,1039
Ripple,1040
trees,1041
digitalnomad,1042
billiards,1043
Dodgers,1044
nursing,1045
GTA,1046
BreakUps,1047
LasVegas,1048
creepy,1049
Dexter,1050
Edmonton,1051
offmychest,1052
snes,1053
WWE,1054
legaladvice,1055
Firefighting,1056
verizon,1057
udub,1058
Torchlight,1059
bouldering,1060
uwaterloo,1061
LawSchool,1062
trailerparkboys,1063
UofT,1064
MBA,1065
thesims,1066
cheatatmathhomework,1067
htpc,1068
MAME,1069
linuxquestions,1070
HongKong,1071
MLS,1072
SanJose,1073
Sonsofanarchy,1074
saskatoon,1075
regina,1076
Harley,1077
VictoriaBC,1078
PipeTobacco,1079
HouseMD,1080
masseffect,1081
AfterEffects,1082
Aquariums,1083
Veterans,1084
golang,1085
UCDavis,1086
stephenking,1087
actuallesbians,1088
Spectrum,1089
CallOfDuty,1090
HIMYM,1091
curb,1092
OkCupid,1093
grilling,1094
lfg,1095
volleyball,1096
headphones,1097
EmmaWatson,1098
Choices,1099
auckland,1100
French,1101
learnspanish,1102
worldbuilding,1103
Korean,1104
FoodPorn,1105
orangecounty,1106
battlestations,1107
DJs,1108
WoT,1109
Battlefield,1110
subaru,1111
learnmath,1112
breastfeeding,1113
FRC,1114
londonontario,1115
corgi,1116
synthesizers,1117
guitars,1118
ableton,1119
medicalschool,1120
cowboys,1121
Rateme,1122
festivals,1123
Marriage,1124
ar15,1125
49ers,1126
node,1127
TheWire,1128
Porsche,1129
conlangs,1130
androidapps,1131
livesound,1132
EDC,1133
RetroFuturism,1134
chile,1135
Hamilton,1136
aves,1137
darknet,1138
fixit,1139
killingfloor,1140
oakland,1141
lotr,1142
applehelp,1143
overclocking,1144
GirlGamers,1145
dune,1146
nationalguard,1147
Edinburgh,1148
Eesti,1149
ToolBand,1150
lawofattraction,1151
sto,1152
lotro,1153
Metalcore,1154
asianamerican,1155
OnePiece,1156
navy,1157
PERSoNA,1158
japanlife,1159
Vaping,1160
rum,1161
ASU,1162
openSUSE,1163
amiugly,1164
pornfree,1165
30ROCK,1166
mississauga,1167
Wicca,1168
ipad,1169
glasgow,1170
bourbon,1171
ffxiv,1172
GuitarHero,1173
HalfLife,1174
SonicTheHedgehog,1175
peacecorps,1176
hiphopheads,1177
Ring,1178
WiiHacks,1179
HealthyFood,1180
Mindfulness,1181
mcgill,1182
roguelikes,1183
researchchemicals,1184
weightwatchers,1185
TheSimpsons,1186
VideoEditing,1187
cinematography,1188
steroids,1189
FL_Studio,1190
preppers,1191
deathnote,1192
rutgers,1193
Reformed,1194
Rabbits,1195
ghibli,1196
nova,1197
ak47,1198
CollegeBasketball,1199
mixer,1200
ufl,1201
uofm,1202
teenagers,1203
IWantToLearn,1204
Madden,1205
languagelearning,1206
trackers,1207
GTAV,1208
gameofthrones,1209
triplej,1210
civ,1211
macgaming,1212
3Dprinting,1213
bleach,1214
samsung,1215
dreamcast,1216
AZURE,1217
INJUSTICE,1218
creepypasta,1219
VLC,1220
protools,1221
singing,1222
FigureSkating,1223
simonfraser,1224
nvidia,1225
giantbomb,1226
carporn,1227
redditrequest,1228
premed,1229
Gunpla,1230
hardstyle,1231
breakingbad,1232
weightlifting,1233
TaylorSwift,1234
Reaper,1235
ACT,1236
intel,1237
uwo,1238
PropagandaPosters,1239
nosleep,1240
aspergers,1241
Adblock,1242
crossdressing,1243
GetMotivated,1244
ems,1245
grime,1246
lux,1247
pokemontrades,1248
redditmobile,1249
r4r,1250
HiTMAN,1251
adderall,1252
CompanyOfHeroes,1253
Vocaloid,1254
GossipGirl,1255
reddeadredemption,1256
Snus,1257
Comcast,1258
warcraft3,1259
gorillaz,1260
Mattress,1261
roblox,1262
energydrinks,1263
buildapc,1264
vandwellers,1265
NetflixBestOf,1266
AnimalCrossing,1267
antinatalism,1268
linuxmint,1269
AirForce,1270
UMD,1271
MortalKombat,1272
AutoHotkey,1273
twinpeaks,1274
hometheater,1275
Bestbuy,1276
Cinema4D,1277
saudiarabia,1278
StudentLoans,1279
everquest,1280
NYYankees,1281
yugioh,1282
Dentistry,1283
CrossStitch,1284
openwrt,1285
kettlebell,1286
EdmontonOilers,1287
Megaman,1288
gundeals,1289
origin,1290
totalwar,1291
Shenmue,1292
braces,1293
espresso,1294
eczema,1295
KDRAMA,1296
ATT,1297
realmadrid,1298
Warhammer40k,1299
Metroid,1300
Maplestory,1301
silenthill,1302
PS4,1303
MonsterHunter,1304
Berserk,1305
Scrubs,1306
JamesBond,1307
Costco,1308
keto,1309
chelseafc,1310
eurovision,1311
Cityofheroes,1312
BlackMetal,1313
TheoryOfReddit,1314
warriors,1315
HighHeels,1316
AndroidQuestions,1317
indianapolis,1318
ios,1319
PrettyGirls,1320
GODZILLA,1321
Deathcore,1322
3DS,1323
saplings,1324
NYKnicks,1325
PFSENSE,1326
freenas,1327
clonewars,1328
GearsOfWar,1329
24hoursupport,1330
weddingplanning,1331
gopro,1332
carnivore,1333
Slack,1334
niceguys,1335
Amd,1336
Spiderman,1337
puppy101,1338
Logic_Studio,1339
MakeupAddiction,1340
originalxbox,1341
Patriots,1342
Roku,1343
NEET,1344
MEGA,1345
AskWomen,1346
reddevils,1347
daddit,1348
SDSU,1349
Rammstein,1350
digimon,1351
solotravel,1352
EA_NHL,1353
TheLastAirbender,1354
Firearms,1355
snakes,1356
vexillology,1357
thewalkingdead,1358
Seahawks,1359
AstralProjection,1360
coys,1361
booksuggestions,1362
SimCity,1363
xxfitness,1364
loseit,1365
paypal,1366
forza,1367
rollercoasters,1368
homestuck,1369
printSF,1370
devops,1371
jerseycity,1372
kitchener,1373
fnv,1374
lawncare,1375
CFA,1376
sousvide,1377
shorthairedhotties,1378
jerseyshore,1379
IBO,1380
Rainmeter,1381
Disneyland,1382
fountainpens,1383
Twitch,1384
witchcraft,1385
residentevil,1386
Brunei,1387
Frat,1388
Gameboy,1389
tasker,1390
CHIBears,1391
MyChemicalRomance,1392
footballmanagergames,1393
Cosmos,1394
Enhancement,1395
WorldofTanks,1396
JohnMayer,1397
Slovenia,1398
subway,1399
gasmasks,1400
Machinists,1401
malehairadvice,1402
spicy,1403
flask,1404
ravens,1405
Browns,1406
miamidolphins,1407
Assistance,1408
IASIP,1409
MacOS,1410
ElderScrolls,1411
timbers,1412
ASUS,1413
AndroidGaming,1414
popping,1415
AskMen,1416
n64,1417
whichbike,1418
whatsthisbug,1419
appletv,1420
buildapcsales,1421
Wellington,1422
ibs,1423
iRacing,1424
Mommit,1425
teslamotors,1426
KingdomHearts,1427
mcservers,1428
whatisthisthing,1429
harvestmoon,1430
ps3hacks,1431
osugame,1432
WritingPrompts,1433
minecraftsuggestions,1434
progmetal,1435
arma,1436
Bitcoin,1437
TibiaMMO,1438
ucr,1439
sportsbook,1440
shroomers,1441
ForeverAlone,1442
DFO,1443
podcasting,1444
Eyebleach,1445
CrohnsDisease,1446
Jeopardy,1447
wicked_edge,1448
CalPoly,1449
Cartalk,1450
civ5,1451
Catan,1452
Planetside,1453
powerrangers,1454
xmen,1455
synology,1456
insurgency,1457
granturismo,1458
benzodiazepines,1459
CanadaPolitics,1460
metalgearsolid,1461
utdallas,1462
Velo,1463
SuggestALaptop,1464
dating_advice,1465
CCW,1466
commandline,1467
HomeNetworking,1468
zerocarb,1469
shortcuts,1470
powerlifting,1471
JoeRogan,1472
malegrooming,1473
Shadowrun,1474
RedHotChiliPeppers,1475
RotMG,1476
TeraOnline,1477
Mavericks,1478
Thunder,1479
adventuretime,1480
Barca,1481
DotA2,1482
Blink182,1483
whowouldwin,1484
fantasybball,1485
TrueCrime,1486
veganrecipes,1487
climbharder,1488
horizon,1489
suits,1490
microgrowery,1491
LifeProTips,1492
beermoney,1493
warcraftlore,1494
Fighters,1495
torontoraptors,1496
LV426,1497
meirl,1498
SolidWorks,1499
iOSProgramming,1500
slowcooking,1501
IndianFood,1502
cripplingalcoholism,1503
KingOfTheHill,1504
chemhelp,1505
learnart,1506
Grimdawn,1507
LongDistance,1508
FalloutMods,1509
assassinscreed,1510
metro,1511
MitchellAndWebb,1512
Slipknot,1513
BabyBumps,1514
NFA,1515
roosterteeth,1516
exmuslim,1517
rust,1518
Ultralight,1519
Picard,1520
corona,1521
AdviceAnimals,1522
SecurityAnalysis,1523
Sourdough,1524
askseddit,1525
Target,1526
publix,1527
LiveFromNewYork,1528
Tekken,1529
stopdrinking,1530
duckduckgo,1531
Folding,1532
skyrim,1533
NBA2k,1534
bigbangtheory,1535
antivirus,1536
mw4,1537
PS5,1538
mylittlepony,1539
frugalmalefashion,1540
gamecollecting,1541
Breadit,1542
yorku,1543
ABraThatFits,1544
bostontrees,1545
homestead,1546
HVAC,1547
femalefashionadvice,1548
KamenRider,1549
SoulCalibur,1550
Ayahuasca,1551
PlantsVSZombies,1552
Asthma,1553
homeautomation,1554
castiron,1555
uncharted,1556
needforspeed,1557
mbti,1558
GhostRecon,1559
TrueAskReddit,1560
handbrake,1561
Anarchy101,1562
IKEA,1563
gainit,1564
fasting,1565
signal,1566
DunderMifflin,1567
leaves,1568
spaceporn,1569
ps3homebrew,1570
BobsBurgers,1571
pkmntcg,1572
Anki,1573
gaymers,1574
plotholes,1575
mariokart,1576
serialkillers,1577
GhostAdventures,1578
SS13,1579
fairytail,1580
criterion,1581
CrappyDesign,1582
SBU,1583
edmproduction,1584
firstworldproblems,1585
cordcutters,1586
PandR,1587
KitchenConfidential,1588
FancyFollicles,1589
rapbattles,1590
ArcherFX,1591
infertility,1592
homedefense,1593
AskAcademia,1594
CODZombies,1595
learnjava,1596
teamliquid,1597
leangains,1598
LadyBoners,1599
Mcat,1600
poppunkers,1601
darksouls,1602
custommagic,1603
ArtisanVideos,1604
3dshacks,1605
americandad,1606
lucifer,1607
EarthPorn,1608
trucksim,1609
dragonquest,1610
Gamecube,1611
asmr,1612
Gintama,1613
iosgaming,1614
askphilosophy,1615
spongebob,1616
traderjoes,1617
minecraftseeds,1618
RPGMaker,1619
EDH,1620
donaldglover,1621
RagnarokOnline,1622
CityPorn,1623
delta,1624
rawdenim,1625
Citrix,1626
sixers,1627
23andme,1628
redstone,1629
wien,1630
ActionFigures,1631
ANTM,1632
minipainting,1633
shameless,1634
TheVampireDiaries,1635
PremierLeague,1636
FinancialCareers,1637
IPTV,1638
sewing,1639
fitmeals,1640
thesopranos,1641
buffy,1642
tacobell,1643
fragrance,1644
CalPolyPomona,1645
INDYCAR,1646
callofcthulhu,1647
Enneagram,1648
Minecraftbuilds,1649
projectzomboid,1650
ForeverAloneDating,1651
cscareerquestions,1652
dbz,1653
Lightroom,1654
bicycletouring,1655
PrettyLittleLiars,1656
AskElectronics,1657
Earwolf,1658
junjiito,1659
RedditLaqueristas,1660
WGU,1661
Monstercat,1662
sharktank,1663
ShinyPokemon,1664
witcher,1665
AskEngineers,1666
Instagram,1667
UnsentLetters,1668
ifyoulikeblank,1669
TrollXChromosomes,1670
AskProgramming,1671
walmart,1672
malefashion,1673
Welding,1674
gentlemanboners,1675
nuzlocke,1676
GunPorn,1677
findareddit,1678
Gamingcirclejerk,1679
archeage,1680
pathofexile,1681
dungeondefenders,1682
speedrun,1683
modelmakers,1684
bald,1685
talesfromtechsupport,1686
Lexus,1687
PoliticalDiscussion,1688
neoliberal,1689
TimHortons,1690
Terraria,1691
aoe2,1692
Yogscast,1693
Crunchyroll,1694
vegancirclejerk,1695
streetwear,1696
pcmasterrace,1697
truegaming,1698
short,1699
CVS,1700
EngineeringStudents,1701
metacanada,1702
COents,1703
AbandonedPorn,1704
RedditForGrownups,1705
vzla,1706
trans,1707
optometry,1708
Bioshock,1709
tressless,1710
TheStrokes,1711
UCSantaBarbara,1712
ShadowoftheColossus,1713
tmobile,1714
SonyAlpha,1715
Dell,1716
btc,1717
DeFranco,1718
Xcom,1719
ebikes,1720
whatsthisplant,1721
MapPorn,1722
uktrees,1723
budgetfood,1724
mikrotik,1725
oasis,1726
SilkRoad,1727
polandball,1728
TryingForABaby,1729
DesignPorn,1730
gog,1731
HotWheels,1732
youtubers,1733
Megaten,1734
whatstheword,1735
bikewrench,1736
PSO2,1737
Roms,1738
deepweb,1739
AutoDetailing,1740
slp,1741
adultery,1742
vita,1743
wiiu,1744
Gundam,1745
iOSBeta,1746
DrugNerds,1747
dynastywarriors,1748
TombRaider,1749
bladeandsoul,1750
RoomPorn,1751
Endgame,1752
CanadianForces,1753
CompTIA,1754
houseplants,1755
TankPorn,1756
SexWorkers,1757
Beyblade,1758
rocksmith,1759
HistoryPorn,1760
PressureCooking,1761
NoFap,1762
hardwareswap,1763
MacMiller,1764
Kingdom,1765
progresspics,1766
identifythisfont,1767
SquaredCircle,1768
StonerEngineering,1769
LightNovels,1770
Plumbing,1771
electricians,1772
Vans,1773
AskScienceFiction,1774
msp,1775
EDF,1776
HoMM,1777
EngineeringPorn,1778
unimelb,1779
AskSocialScience,1780
homeland,1781
DragonsDogma,1782
succulents,1783
veganfitness,1784
KerbalSpaceProgram,1785
tropico,1786
bartenders,1787
KingkillerChronicle,1788
Masterchef,1789
Miata,1790
Neverwinter,1791
cowboybebop,1792
amex,1793
dishonored,1794
stunfisk,1795
shopify,1796
unRAID,1797
samsclub,1798
Buttcoin,1799
greenday,1800
cade,1801
ketamine,1802
birthcontrol,1803
Thetruthishere,1804
FantasyPL,1805
CrazyIdeas,1806
AceAttorney,1807
Spyro,1808
Kotlin,1809
TheBrewery,1810
SSBM,1811
AskFeminists,1812
psychotherapy,1813
explainlikeimfive,1814
That70sshow,1815
androidroot,1816
BeardedDragons,1817
realasians,1818
UCalgary,1819
uAlberta,1820
ThriftStoreHauls,1821
QuotesPorn,1822
datascience,1823
HunterXHunter,1824
Borderlands2,1825
AmericanHorrorStory,1826
MARIOPARTY,1827
GameStop,1828
MinecraftMemes,1829
MinecraftHelp,1830
Stormlight_Archive,1831
MilitaryPorn,1832
bigdickproblems,1833
brakebills,1834
GlobalOffensive,1835
csgo,1836
Dermatology,1837
Watchexchange,1838
MovieSuggestions,1839
skyrimmods,1840
seedboxes,1841
makinghiphop,1842
Transmogrification,1843
TIdaL,1844
electricdaisycarnival,1845
GilmoreGirls,1846
MysteryDungeon,1847
labrats,1848
spacex,1849
WowUI,1850
greentext,1851
NewGirl,1852
theocho,1853
BuyItForLife,1854
castlevania,1855
SubredditDrama,1856
Animewallpaper,1857
ImaginaryCharacters,1858
amateur_boxing,1859
translator,1860
razer,1861
euphoria,1862
Animesuggest,1863
weightroom,1864
AskHistorians,1865
TooAfraidToAsk,1866
kotor,1867
NZXT,1868
nosurf,1869
farcry,1870
menstrualcups,1871
ifttt,1872
steelseries,1873
Smite,1874
commandandconquer,1875
rpg_gamers,1876
Wizard101,1877
paradoxplaza,1878
Leathercraft,1879
VinylReleases,1880
AskPhysics,1881
britishproblems,1882
Hiphopcirclejerk,1883
peloton,1884
criminalminds,1885
CelebrityFeet,1886
Switch,1887
Professors,1888
NameThatSong,1889
Nicegirls,1890
acecombat,1891
kroger,1892
shittyaskscience,1893
firstworldanarchists,1894
ElizabethWarren,1895
AnimeFigures,1896
antiMLM,1897
AskVet,1898
TeamRedditTeams,1899
unixporn,1900
kindlefire,1901
arcticmonkeys,1902
dragonvale,1903
place,1904
Lowes,1905
bindingofisaac,1906
HomeServer,1907
casualiama,1908
gamingsuggestions,1909
anno,1910
YoutubeMusic,1911
Fios,1912
Beatmatch,1913
MindHunter,1914
raspberry_pi,1915
PlantedTank,1916
elsword,1917
DaveAndBusters,1918
TrueFilm,1919
suns,1920
Showerthoughts,1921
hiphop101,1922
mmafights,1923
baldursgate,1924
fireemblem,1925
paydaytheheist,1926
cosplaygirls,1927
AQW,1928
dadjokes,1929
JoeBiden,1930
GrandTheftAutoV,1931
HPfanfiction,1932
appliancerepair,1933
Ask_Politics,1934
newsbabes,1935
TheForest,1936
physicianassistant,1937
MetalMemes,1938
Silverbugs,1939
Rainbow6,1940
Rogers,1941
waze,1942
uber,1943
javahelp,1944
Xiaomi,1945
TameImpala,1946
AdvancedRunning,1947
NFL_Draft,1948
DeadBedrooms,1949
FullmetalAlchemist,1950
greysanatomy,1951
TalesFromRetail,1952
financialindependence,1953
SCCM,1954
patientgamers,1955
conspiracytheories,1956
rupaulsdragrace,1957
LetsNotMeet,1958
otomegames,1959
AskNetsec,1960
treedibles,1961
ketorecipes,1962
fantasywriters,1963
LetsTalkMusic,1964
whatsapp,1965
ft86,1966
AskUK,1967
TowerofGod,1968
toarumajutsunoindex,1969
bootcamp,1970
PokemonROMhacks,1971
teslore,1972
deeplearning,1973
transpassing,1974
Garmin,1975
Huawei,1976
reactiongifs,1977
wowservers,1978
AskTechnology,1979
shortscarystories,1980
northernlion,1981
ExpectationVsReality,1982
duolingo,1983
CarAV,1984
forwardsfromgrandma,1985
curlyhair,1986
ChickFilA,1987
thelastofus,1988
FORTnITE,1989
canadients,1990
flexibility,1991
Futurology,1992
showerbeer,1993
dancegavindance,1994
AskCulinary,1995
TeamSolomid,1996
goldrush,1997
LGBTeens,1998
tycoon,1999
Residency,2000
elementaryos,2001
WorldOfWarships,2002
steinsgate,2003
AskPhotography,2004
initiald,2005
WWEGames,2006
blenderhelp,2007
tales,2008
TheWeeknd,2009
careerguidance,2010
ftm,2011
summonerschool,2012
Modern_Family,2013
DecidingToBeBetter,2014
PersonalFinanceCanada,2015
fitbit,2016
RBI,2017
wwiipics,2018
SkincareAddiction,2019
bookdownloads,2020
bikecommuting,2021
supplychain,2022
eldertrees,2023
animememes,2024
admincraft,2025
Glitch_in_the_Matrix,2026
DnD5e,2027
Kenshi,2028
cpp_questions,2029
araragi,2030
ausents,2031
Wolfenstein,2032
gaybros,2033
xfl,2034
libertarianmeme,2035
WaltDisneyWorld,2036
findfashion,2037
photoshopbattles,2038
ZBrush,2039
lanadelrey,2040
ladyladyboners,2041
bapcsalescanada,2042
ProgrammerHumor,2043
FinalFantasyVII,2044
bodyweightfitness,2045
LeagueOfMemes,2046
gallifrey,2047
Militaryfaq,2048
AirBnB,2049
moviescirclejerk,2050
DeadOrAlive,2051
ImpracticalJokers,2052
iiiiiiitttttttttttt,2053
Traeger,2054
Darksiders,2055
WarshipPorn,2056
ptcgo,2057
nespresso,2058
CrusaderKings,2059
crashbandicoot,2060
ShittyLifeProTips,2061
barstoolsports,2062
manhwa,2063
Dabs,2064
wallstreetbets,2065
samharris,2066
autotldr,2067
mildlyinteresting,2068
HellsKitchen,2069
Dashcam,2070
bakchodi,2071
hoggit,2072
Guiltygear,2073
femboy,2074
antimeme,2075
forgeofempires,2076
grindr,2077
thebachelor,2078
terriblefacebookmemes,2079
buildapcforme,2080
MLBTheShow,2081
HomeDepot,2082
StopGaming,2083
Kappa,2084
CodeGeass,2085
unpopularopinion,2086
prisonarchitect,2087
TrueDoTA2,2088
aldi,2089
dataisbeautiful,2090
cricut,2091
runefactory,2092
starbound,2093
transpositive,2094
MechanicAdvice,2095
vitahacks,2096
blackops3,2097
GetStudying,2098
SFM,2099
mazda3,2100
intermittentfasting,2101
CartoonNetwork,2102
Stretched,2103
lululemon,2104
IndianGaming,2105
gradadmissions,2106
howtonotgiveafuck,2107
techsupportgore,2108
ftlgame,2109
FrugalFemaleFashion,2110
Strava,2111
StardustCrusaders,2112
tifu,2113
joker,2114
TheWayWeWere,2115
warface,2116
pcars,2117
GoodGirls,2118
legostarwars,2119
LushCosmetics,2120
howyoudoin,2121
peopleofwalmart,2122
elderscrollsonline,2123
youtubehaiku,2124
Corsair,2125
NewSkaters,2126
cheatengine,2127
deathgrips,2128
RTLSDR,2129
Nest,2130
gaybrosgonemild,2131
qnap,2132
Pathfinder_RPG,2133
alexandradaddario,2134
BillBurr,2135
hajimenoippo,2136
CampingGear,2137
GodofWar,2138
Monitors,2139
longrange,2140
homegym,2141
Dominos,2142
2b2t,2143
battlecats,2144
animegifs,2145
MemePiece,2146
realms,2147
webtoons,2148
learndota2,2149
Justrolledintotheshop,2150
StackAdvice,2151
kickasstorrents,2152
MCPE,2153
supremeclothing,2154
learnjavascript,2155
RedLetterMedia,2156
CoDCompetitive,2157
overlord,2158
redditsync,2159
macsetups,2160
chernobyl,2161
Office365,2162
HermitCraft,2163
svenskpolitik,2164
GarageBand,2165
DevilMayCry,2166
theHunter,2167
coolermaster,2168
dropship,2169
dayz,2170
Thaumcraft,2171
OldSchoolCool,2172
awwnime,2173
FrankOcean,2174
TrueDetective,2175
magicthecirclejerking,2176
i3wm,2177
Pikabu,2178
GolfGTI,2179
canadaguns,2180
fo4,2181
TheWalkingDeadGame,2182
FifaCareers,2183
riverdale,2184
betterCallSaul,2185
beyondthebump,2186
Roll20,2187
twentyonepilots,2188
transtimelines,2189
lolgrindr,2190
ShaneDawson,2191
sennheiser,2192
shittyfoodporn,2193
dreamcatcher,2194
ContagiousLaughter,2195
GCSE,2196
projectcar,2197
tails,2198
ChiefKeef,2199
UpliftingNews,2200
TrueChristian,2201
Markiplier,2202
drphil,2203
arrow,2204
rickandmorty,2205
kpics,2206
krita,2207
SigSauer,2208
lowendgaming,2209
cybersecurity,2210
Surface,2211
Overwatch,2212
foodhacks,2213
fightporn,2214
WhiteWolfRPG,2215
pokemonrng,2216
Roadcam,2217
FanTheories,2218
PKA,2219
amazonprime,2220
GameDealsMeta,2221
GuitarAmps,2222
xxketo,2223
everymanshouldknow,2224
runningman,2225
watch_dogs,2226
EnglishLearning,2227
PlayStationPlus,2228
AsianParentStories,2229
LearnUselessTalents,2230
Outlander,2231
DIY_eJuice,2232
powerwashingporn,2233
Multicopter,2234
Wildlands,2235
StarWarsBattlefront,2236
Windows10,2237
victoria2,2238
AskAnAmerican,2239
laravel,2240
trashy,2241
BaseBuildingGames,2242
latterdaysaints,2243
snapchat,2244
AskEurope,2245
Ubiquiti,2246
MtF,2247
bigboobproblems,2248
algotrading,2249
mildlyinfuriating,2250
plagueinc,2251
homelab,2252
Warthunder,2253
communism101,2254
lightsabers,2255
sonos,2256
BeautyBoxes,2257
smalldickproblems,2258
FitnessGirls,2259
Dogfree,2260
ShouldIbuythisgame,2261
gravityfalls,2262
bettafish,2263
USCIS,2264
falloutlore,2265
Cloud9,2266
TheEricAndreShow,2267
ProtectAndServe,2268
ForzaHorizon,2269
animenocontext,2270
creepyPMs,2271
Vaporwave,2272
instantkarma,2273
MechanicalKeyboards,2274
GakiNoTsukai,2275
LigaMX,2276
TalesFromThePizzaGuy,2277
OneNote,2278
threekings,2279
battlemaps,2280
Accutane,2281
battlefield_4,2282
flicks,2283
Moviesinthemaking,2284
FilthyFrank,2285
marvelstudios,2286
swordartonline,2287
ProjectRunway,2288
NewTubers,2289
Grimes,2290
FFXV,2291
JustCause,2292
eGPU,2293
Vinesauce,2294
ShitLiberalsSay,2295
InternetIsBeautiful,2296
funkopop,2297
knifeclub,2298
gamegrumps,2299
NormMacdonald,2300
neverwinternights,2301
DynastyFF,2302
MeanJokes,2303
Step2,2304
oculus,2305
Blackops4,2306
AusFinance,2307
shoebots,2308
traaaaaaannnnnnnnnns,2309
PCSX2,2310
vaporents,2311
sabaton,2312
Aliexpress,2313
eu4,2314
AskNYC,2315
MadeMeSmile,2316
Animedubs,2317
Warframe,2318
paloaltonetworks,2319
ClashOfClans,2320
Invisalign,2321
declutter,2322
ClassyPornstars,2323
AskHR,2324
MapleStory2,2325
JustDance,2326
spikes,2327
StateOfDecay,2328
DippingTobacco,2329
OpenMediaVault,2330
BlueStacks,2331
RobinHood,2332
SmartThings,2333
stobuilds,2334
videogamedunkey,2335
fightsticks,2336
horrorlit,2337
KUWTK,2338
FinalFantasyXII,2339
LoLeventVoDs,2340
BlackMesaSource,2341
BattlefieldV,2342
HowToHack,2343
JapanTravel,2344
Lyft,2345
TwoBestFriendsPlay,2346
getdisciplined,2347
GTA6,2348
blackmirror,2349
CombatFootage,2350
lotrmemes,2351
borderlands3,2352
PenmanshipPorn,2353
newtothenavy,2354
iBUYPOWER,2355
dontstarve,2356
projecteternity,2357
MaddenUltimateTeam,2358
KendrickLamar,2359
HistoryMemes,2360
TalesFromYourServer,2361
TechnoProduction,2362
characterdrawing,2363
SweatyPalms,2364
ketogains,2365
LinusTechTips,2366
wacom,2367
feedthebeast,2368
BravoRealHousewives,2369
typescript,2370
Glocks,2371
malelivingspace,2372
Subliminal,2373
orks,2374
Paladins,2375
Argaming,2376
Onision,2377
starcitizen,2378
woweconomy,2379
cringepics,2380
Hue,2381
MBMBAM,2382
Diablo3witchdoctors,2383
dndnext,2384
SeattleWA,2385
WRX,2386
3amjokes,2387
Xenoblade_Chronicles,2388
NonBinary,2389
assettocorsa,2390
premiere,2391
4Runner,2392
me_irl,2393
farmingsimulator,2394
MB2Bannerlord,2395
tylerthecreator,2396
MakeNewFriendsHere,2397
StarWarsLeaks,2398
TheGirlSurvivalGuide,2399
prey,2400
pettyrevenge,2401
askgaybros,2402
mechmarket,2403
iZone,2404
whitepeoplegifs,2405
RWBY,2406
askcarsales,2407
Bless,2408
Awwducational,2409
EliteDangerous,2410
holdmybeer,2411
OpenEmu,2412
GamePhysics,2413
combinedgifs,2414
stevenuniverse,2415
TumblrInAction,2416
myfriendwantstoknow,2417
liberalgunowners,2418
ProRevenge,2419
Mafia3,2420
tipofmyjoystick,2421
fullmoviesonyoutube,2422
AskScienceDiscussion,2423
MouseReview,2424
foldingathome,2425
OnePunchMan,2426
thatHappened,2427
dauntless,2428
HealthAnxiety,2429
feminineboys,2430
Persona5,2431
attackontitan,2432
waterfox,2433
gigabyte,2434
langrisser,2435
HaloStory,2436
ColorizedHistory,2437
shittykickstarters,2438
AccidentalRacism,2439
Weddingsunder10k,2440
Frozen,2441
DestinyTheGame,2442
lifeafter,2443
ynab,2444
DarkSouls2,2445
imaginarymaps,2446
StudentNurse,2447
AskAstrologers,2448
churning,2449
hockeyplayers,2450
XWingTMG,2451
tacticalgear,2452
pcgamingtechsupport,2453
TheCloneWars,2454
CelebrityArmpits,2455
progun,2456
Grapplerbaki,2457
Shoestring,2458
mtgfinance,2459
GAMSAT,2460
CPTSD,2461
EatCheapAndHealthy,2462
whiteknighting,2463
CK2GameOfthrones,2464
naturalbodybuilding,2465
FiftyFifty,2466
JusticeServed,2467
blunderyears,2468
kpophelp,2469
IndoorGarden,2470
vudu,2471
ProCreate,2472
swrpg,2473
starsector,2474
ketoaustralia,2475
footballhighlights,2476
AsianBeauty,2477
Proxmox,2478
TheOriginals,2479
ketodrunk,2480
slavelabour,2481
nononono,2482
badroommates,2483
beetlejuicing,2484
PuzzleAndDragons,2485
goodmythicalmorning,2486
softwaregore,2487
selfie,2488
PornhubComments,2489
IndiaInvestments,2490
harborfreight,2491
changemyview,2492
SideProject,2493
Ni_no_Kuni,2494
hearthstone,2495
PathOfExileBuilds,2496
darksouls3,2497
nier,2498
fortinet,2499
ShitAmericansSay,2500
eupersonalfinance,2501
goodyearwelt,2502
Unexpected,2503
Animemes,2504
blackdesertonline,2505
educationalgifs,2506
ploompax,2507
coaxedintoasnafu,2508
FloridaMan,2509
Tinder,2510
4PanelCringe,2511
NoStupidQuestions,2512
mildlypenis,2513
makeyourchoice,2514
Indiemakeupandmore,2515
acorns,2516
gamindustri,2517
thewitcher3,2518
iOSthemes,2519
MadokaMagica,2520
factorio,2521
AppleWatch,2522
StardewValley,2523
worldofpvp,2524
2007scape,2525
danganronpa,2526
trapproduction,2527
ShingekiNoKyojin,2528
destiny2,2529
raisedbynarcissists,2530
oldschoolrs,2531
ZeroWaste,2532
oldpeoplefacebook,2533
AnimalsBeingJerks,2534
Shitty_Car_Mods,2535
obs,2536
technicalminecraft,2537
mechanical_gifs,2538
Kaiserreich,2539
DaystromInstitute,2540
TheBlackList,2541
GalaxyS7,2542
nathanforyou,2543
GalaxyS8,2544
riskofrain,2545
albiononline,2546
vikingstv,2547
oddlyspecific,2548
lastimages,2549
BitcoinBeginners,2550
UKPersonalFinance,2551
cataclysmdda,2552
3d6,2553
AskAnthropology,2554
TalesFromTheFrontDesk,2555
CryptoCurrency,2556
soylent,2557
Flights,2558
GalaxyS9,2559
AnimalsBeingBros,2560
k12sysadmin,2561
badhistory,2562
CoinBase,2563
4kTV,2564
Banished,2565
DeepIntoYouTube,2566
findapath,2567
PSMinecraft,2568
KerbalAcademy,2569
sadcringe,2570
Ghostbc,2571
delusionalartists,2572
koreanvariety,2573
UnresolvedMysteries,2574
AmateurRoomPorn,2575
BitcoinMarkets,2576
CommercialsIHate,2577
fatlogic,2578
obeyme,2579
unrealengine,2580
im14andthisisdeep,2581
DivinityOriginalSin,2582
theydidthemath,2583
reddeadredemption2,2584
Whatcouldgowrong,2585
MTGLegacy,2586
Gaming4Gamers,2587
outrun,2588
FlutterDev,2589
UKInvesting,2590
GamingLaptops,2591
Shroud,2592
Sims4,2593
syriancivilwar,2594
The100,2595
patreon,2596
lildicky,2597
DataHoarder,2598
ansible,2599
Parahumans,2600
brooklynninenine,2601
LelaStarFanClub,2602
MySingingMonsters,2603
survivinginfidelity,2604
Stronglifts5x5,2605
oddlysatisfying,2606
galaxys10,2607
googleplaymusic,2608
FACEITcom,2609
DestinyLore,2610
goddesses,2611
2cb,2612
xboxone,2613
MinecraftOne,2614
canadacordcutters,2615
AnimalsBeingDerps,2616
humblebundles,2617
dyinglight,2618
enderal,2619
avorion,2620
Vaping101,2621
Wellthatsucks,2622
ksi,2623
HighschoolDxD,2624
Undertale,2625
7daystodie,2626
thalassophobia,2627
dirtgame,2628
ofcoursethatsathing,2629
titanfall,2630
HumansBeingBros,2631
macbookpro,2632
AmItheAsshole,2633
westworld,2634
TheExpanse,2635
OutOfTheLoop,2636
RedPillWomen,2637
thedivision,2638
The_Crew,2639
PS4Deals,2640
askTO,2641
TheDepthsBelow,2642
Witcher3,2643
ManjaroLinux,2644
1200isplenty,2645
SexyWomanOfTheDay,2646
playrust,2647
USMCboot,2648
namenerds,2649
nattyorjuice,2650
narcos,2651
justneckbeardthings,2652
IdiotsFightingThings,2653
nonononoyes,2654
BABYMETAL,2655
sadboys,2656
NoContract,2657
gtaonline,2658
averagedickproblems,2659
ModernMagic,2660
NanatsunoTaizai,2661
AskDocs,2662
submechanophobia,2663
asaprocky,2664
TrendingReddits,2665
redneckengineering,2666
yakuzagames,2667
Damnthatsinteresting,2668
likeus,2669
Chromecast,2670
vexillologycirclejerk,2671
DnDHomebrew,2672
docker,2673
WorkOnline,2674
NotMyJob,2675
lawschooladmissions,2676
ApplyingToCollege,2677
asktrp,2678
trippinthroughtime,2679
SonyXperia,2680
FargoTV,2681
OSHA,2682
FeMRADebates,2683
essential,2684
boostedboards,2685
Depop,2686
MSILaptops,2687
ElgatoGaming,2688
Tau40K,2689
CookieClicker,2690
CompetitiveEDH,2691
breakingmom,2692
FlashTV,2693
GlobalOffensiveTrade,2694
FitAndNatural,2695
antiwork,2696
EASportsUFC,2697
treeofsavior,2698
lewronggeneration,2699
HaircareScience,2700
DolphinEmulator,2701
quityourbullshit,2702
PeakyBlinders,2703
yourmomshousepodcast,2704
lilypichu,2705
HFY,2706
APStudents,2707
AskMenOver30,2708
BatmanArkham,2709
Flipping,2710
wowthissubexists,2711
PurplePillDebate,2712
AskWomenOver30,2713
CastleClash,2714
fujifilm,2715
YMS,2716
billsimmons,2717
mobilerepair,2718
StartledCats,2719
6thForm,2720
GameTheorists,2721
Unity2D,2722
respectthreads,2723
ABCDesis,2724
spaceengineers,2725
haikyuu,2726
thelongdark,2727
NarutoFanfiction,2728
IsItBullshit,2729
incremental_games,2730
MinecraftCommands,2731
RimWorld,2732
ArtistLounge,2733
GenderCritical,2734
subnautica,2735
linuxmasterrace,2736
DC_Cinematic,2737
bose,2738
HighQualityGifs,2739
heroesofthestorm,2740
SteamController,2741
KillLaKill,2742
oddlyterrifying,2743
AskLEO,2744
dashcamgifs,2745
NHLHUT,2746
AndroidTV,2747
OMSCS,2748
Optifine,2749
PublicFreakout,2750
DatGuyLirik,2751
NarcissisticAbuse,2752
AustralianMakeup,2753
whatcarshouldIbuy,2754
Brogress,2755
panelshow,2756
bmpcc,2757
jerma985,2758
microdosing,2759
yesyesyesyesno,2760
iamverysmart,2761
TrueOffMyChest,2762
Canadian_ecigarette,2763
AskSF,2764
legogaming,2765
uberdrivers,2766
unturned,2767
Trove,2768
Freegamestuff,2769
ANormalDayInRussia,2770
MotoG,2771
shadowofmordor,2772
CryptoMarkets,2773
Dorohedoro,2774
Drizzy,2775
gtaglitches,2776
blackmagicdesign,2777
DiWHY,2778
Stims,2779
streetwearstartup,2780
swift,2781
gpumining,2782
FunnyandSad,2783
yesyesyesno,2784
phenibut,2785
jacksepticeye,2786
AskLosAngeles,2787
SandersForPresident,2788
dogecoin,2789
40kLore,2790
MandelaEffect,2791
ethereum,2792
Instantregret,2793
CelebsBR,2794
weedstocks,2795
wine_gaming,2796
Outlier,2797
shittysuperpowers,2798
kingdomcome,2799
bravefrontier,2800
watchpeoplesurvive,2801
indieheads,2802
reactjs,2803
badwomensanatomy,2804
FulfillmentByAmazon,2805
dankmemes,2806
Telegram,2807
rocketbeans,2808
skyrimrequiem,2809
godot,2810
darkestdungeon,2811
PlayStationNow,2812
heroes3,2813
CBD,2814
FiveM,2815
bangtan,2816
SteamVR,2817
killteam,2818
Neverbrokeabone,2819
hoi4,2820
Elsanna,2821
Autoflowers,2822
BoJackHorseman,2823
ComedyCemetery,2824
aircrashinvestigation,2825
BudgetAudiophile,2826
FreeGamesOnSteam,2827
Firebase,2828
onebag,2829
GBA4iOS,2830
vanderpumprules,2831
TheGamer,2832
geometrydash,2833
ITCareerQuestions,2834
functionalprint,2835
Legitpiercing,2836
dogswithjobs,2837
PvZGardenWarfare,2838
arcteryx,2839
holdmycosmo,2840
Yugioh101,2841
thedavidpakmanshow,2842
AsianMasculinity,2843
RocketLeague,2844
holdmyredbull,2845
thisisus,2846
WEPES,2847
Waxpen,2848
NeckbeardNests,2849
thenetherlands,2850
neovim,2851
askwomenadvice,2852
slatestarcodex,2853
PanPorn,2854
FreeGameFindings,2855
customhearthstone,2856
PopCornTime,2857
CarPlay,2858
oneplus,2859
seriouseats,2860
MovieStreamingSites,2861
TwoSentenceHorror,2862
torrentlinks,2863
tabletopsimulator,2864
LeagueConnect,2865
TownofSalemgame,2866
thisismylifenow,2867
WrestleWithThePlot,2868
Drumkits,2869
AndroidWear,2870
PSVR,2871
Killtony,2872
fantanoforever,2873
AusSkincare,2874
coolguides,2875
funimation,2876
SiliconValleyHBO,2877
DnDGreentext,2878
ArtefactPorn,2879
Sidemen,2880
TokyoGhoul,2881
Semenretention,2882
iPadPro,2883
fireTV,2884
FFXIVGlamours,2885
uplay,2886
cirkeltrek,2887
weekendgunnit,2888
ExNoContact,2889
NoGameNoLife,2890
g2a,2891
rpcs3,2892
knighthood,2893
Brawlhalla,2894
referralcodes,2895
RDR2,2896
lastweektonight,2897
podemos,2898
Monero,2899
FashionReps,2900
CAguns,2901
internetparents,2902
SexWorkersOnly,2903
bloodborne,2904
LofiHipHop,2905
RetroPie,2906
lexapro,2907
LPOTL,2908
CompetitiveHS,2909
tretinoin,2910
coffeemeetsbagel,2911
lgg6,2912
instantpot,2913
LoveLive,2914
PokemonMasters,2915
exredpill,2916
htgawm,2917
SchoolIdolFestival,2918
NiceHash,2919
suggestmeabook,2920
dontdeadopeninside,2921
kdramarecommends,2922
FellowKids,2923
nothingeverhappens,2924
DadReflexes,2925
fatestaynight,2926
cosplaybabes,2927
GrandTheftAutoV_PC,2928
sugarlifestyleforum,2929
HomeKit,2930
CasualConversation,2931
savedyouaclick,2932
Cuphead,2933
summonerswar,2934
amiibo,2935
splatoon,2936
MarioMaker,2937
natureismetal,2938
NoMansSkyTheGame,2939
GirlsMirin,2940
chanceme,2941
OneyPlays,2942
qBittorrent,2943
ClickerHeroes,2944
PrivateInternetAccess,2945
mealtimevideos,2946
AstroGaming,2947
AndroidAuto,2948
confusing_perspective,2949
CX5,2950
MtvChallenge,2951
instant_regret,2952
postmates,2953
phinvest,2954
SkincareAddictionUK,2955
MakeupRehab,2956
ProtonMail,2957
LegalAdviceUK,2958
selfhosted,2959
ElectricSkateboarding,2960
GearVR,2961
LogitechG,2962
RetroArch,2963
JordanPeterson,2964
MarriedAtFirstSight,2965
GalaxyNote8,2966
GalaxyNote9,2967
Talonmains,2968
vainglorygame,2969
TsumTsum,2970
BeautifulFemales,2971
allthemods,2972
LegionOfSkanks,2973
travisscott,2974
MakeupAddictionCanada,2975
EtherMining,2976
VRchat,2977
terracehouse,2978
ListOfSubreddits,2979
lifeisstrange,2980
ModelsGoneMild,2981
hotas,2982
cookingforbeginners,2983
kodi,2984
Falcom,2985
Gomorrah,2986
MonsterMusume,2987
orthotropics,2988
AccidentalRenaissance,2989
Idubbbz,2990
fivenightsatfreddys,2991
CitiesSkylines,2992
pussypassdenied,2993
Letterkenny,2994
LearnCSGO,2995
ContestOfChampions,2996
h3h3productions,2997
Repsneakers,2998
KissAnime,2999
Steep,3000
KotakuInAction,3001
pcmusic,3002
thinkorswim,3003
csgomarketforum,3004
hellofresh,3005
kubernetes,3006
venmo,3007
nordvpn,3008
AppleMusic,3009
SkyFactory,3010
OopsDidntMeanTo,3011
chefknives,3012
brexit,3013
assholedesign,3014
esp8266,3015
GamerGhazi,3016
bulletjournal,3017
bidets,3018
WormFanfic,3019
hapas,3020
F1Game,3021
EmulationOnAndroid,3022
Zwift,3023
forsen,3024
OriAndTheBlindForest,3025
CrazyHand,3026
csMajors,3027
BlackPeopleTwitter,3028
nutaku,3029
Rengarmains,3030
SamandTolki,3031
joinsquad,3032
kotakuinaction2,3033
GifRecipes,3034
IDontWorkHereLady,3035
DanLeBatardShow,3036
muacjdiscussion,3037
kakarot,3038
SeriousConversation,3039
sonarr,3040
scufgaming,3041
CivVI,3042
awfuleverything,3043
RedWingShoes,3044
ironscape,3045
JohnWick,3046
thefighterandthekid,3047
CanadianInvestor,3048
phr4r,3049
firetvstick,3050
BokuNoHeroAcademia,3051
JustUnsubbed,3052
galaxynote10,3053
sexover30,3054
datingoverthirty,3055
Boruto,3056
amazonecho,3057
Competitiveoverwatch,3058
shieldbro,3059
poshmark,3060
90DayFiance,3061
CozyPlaces,3062
bestoflegaladvice,3063
pokemongo,3064
lostarkgame,3065
MaddenMobileForums,3066
YasuoMains,3067
Rivenmains,3068
IreliaMains,3069
FFBraveExvius,3070
KatarinaMains,3071
OpenSignups,3072
starterpacks,3073
brasilivre,3074
Bumble,3075
FUCKYOUINPARTICULAR,3076
MonsterLegends,3077
raidsecrets,3078
EliteMiners,3079
entitledparents,3080
RoleReversal,3081
funhaus,3082
SuddenlyGay,3083
dank_meme,3084
ChoosingBeggars,3085
CharacterRant,3086
Justfuckmyshitup,3087
dndmemes,3088
TopMindsOfReddit,3089
HollowKnight,3090
hingeapp,3091
instantbarbarians,3092
wownoob,3093
ledgerwallet,3094
Finanzen,3095
marvelmemes,3096
WhitePeopleTwitter,3097
SCBuildIt,3098
brockhampton,3099
DanMachi,3100
CompetitiveWoW,3101
katiebell,3102
Lindemann,3103
TheAdventureZone,3104
awardtravel,3105
OreGairuSNAFU,3106
G502MasterRace,3107
miband,3108
SchittsCreek,3109
VPNTorrents,3110
ImaginaryWarhammer,3111
dbxv,3112
TeslaModel3,3113
reallifedoodles,3114
apolloapp,3115
BeAmazed,3116
litrpg,3117
reclassified,3118
Vampyr,3119
PAXvapor,3120
DnDBehindTheScreen,3121
eero,3122
Vermintide,3123
StrongCurves,3124
tf2shitposterclub,3125
OnePieceTC,3126
Angular2,3127
BlackClover,3128
Soundbars,3129
newsokur,3130
specializedtools,3131
holdmyfries,3132
UNBGBBIIVCHIDCTIICBG,3133
LatinaCuties,3134
FFRecordKeeper,3135
prettyaltgirls,3136
JUSTNOMIL,3137
shacomains,3138
intelnuc,3139
Vive,3140
PhantomForces,3141
yiffinhell,3142
FUTMobile,3143
depressionregimens,3144
TheOA,3145
OsuSkins,3146
woof_irl,3147
VladimirMains,3148
dankchristianmemes,3149
localmultiplayergames,3150
HadToHurt,3151
MealPrepSunday,3152
WidescreenWallpaper,3153
EnterTheGungeon,3154
MrRobot,3155
RepTime,3156
pointlesslygendered,3157
shitpostemblem,3158
PlexPosters,3159
pathofdiablo,3160
MordekaiserMains,3161
UpvotedBecauseBoobs,3162
privacytoolsIO,3163
delusionalcraigslist,3164
ethtrader,3165
ich_iel,3166
rosin,3167
reactnative,3168
C_S_T,3169
step1,3170
CruciblePlaybook,3171
yandere_simulator,3172
InstacartShoppers,3173
SolusProject,3174
Diabotical,3175
ecobee,3176
lostpause,3177
huion,3178
ProjectFi,3179
freefolk,3180
PiratedGTA,3181
Citra,3182
Gta5Modding,3183
MySummerCar,3184
PiratedGames,3185
morbidquestions,3186
LegendsOfTomorrow,3187
RoastMe,3188
totalwarhammer,3189
Bootlegrapbattles,3190
uBlockOrigin,3191
beholdthemasterrace,3192
jackboxgames,3193
Dragonballsuper,3194
BattleBrothers,3195
twice,3196
vscode,3197
Simulated,3198
DBZDokkanBattle,3199
UnearthedArcana,3200
ezrealmains,3201
gwent,3202
criticalrole,3203
iamverybadass,3204
playark,3205
ekkomains,3206
anime_irl,3207
Mordhau,3208
Greekgodx,3209
discordapp,3210
FioraMains,3211
sharditkeepit,3212
tooktoomuch,3213
Crossout,3214
BabylonBerlin,3215
ShieldAndroidTV,3216
DestinyFashion,3217
G59,3218
RabbitReddit,3219
ringdoorbell,3220
maybemaybemaybe,3221
PlanetCoaster,3222
XCOM2,3223
AgainstHateSubreddits,3224
TeemoTalk,3225
investimentos,3226
rantgrumps,3227
SubredditSimulator,3228
nevertellmetheodds,3229
LivestreamFail,3230
vuejs,3231
MensLib,3232
Sino,3233
crappyoffbrands,3234
elderscrollslegends,3235
foshelter,3236
Seaofthieves,3237
IRLgirls,3238
forhonor,3239
FFVIIRemake,3240
ageofsigmar,3241
PS4Dreams,3242
akalimains,3243
UberEATS,3244
HaggardGarage,3245
dontyouknowwhoiam,3246
Skookum,3247
snapchatgeofilters,3248
CatastrophicFailure,3249
leanfire,3250
ultrawidemasterrace,3251
TrueCrimeDiscussion,3252
KGATLW,3253
RepTronics,3254
My600lbLife,3255
AyyMD,3256
plantclinic,3257
gigabytegaming,3258
VizioTV,3259
Dariusmains,3260
Jaxmains,3261
FiddlesticksMains,3262
KidsAreFuckingStupid,3263
AdmiralBulldog,3264
desabafos,3265
The_Wall,3266
WeWantPlates,3267
COMPLETEANARCHY,3268
JustNoSO,3269
BleachBraveSouls,3270
ik_ihe,3271
Battletechgame,3272
RocketLeagueEsports,3273
Stellaris,3274
GarenMains,3275
TryndamereMains,3276
doordash,3277
feetpics,3278
grandorder,3279
toastme,3280
AMDHelp,3281
sffpc,3282
WhatsWrongWithYourDog,3283
yuzu,3284
WatchRedditDie,3285
MakerDAO,3286
disneymagickingdoms,3287
UnexpectedJoJo,3288
emojipasta,3289
therewasanattempt,3290
popheads,3291
noveltranslations,3292
Addons4Kodi,3293
Aphantasia,3294
LateStageCapitalism,3295
discordservers,3296
RachelCook,3297
DutchFIRE,3298
gifsthatendtoosoon,3299
pihole,3300
gifsthatkeepongiving,3301
CrackStatus,3302
miraculousladybug,3303
movieleaks,3304
SWGalaxyOfHeroes,3305
pelotoncycle,3306
Csgohacks,3307
carvana,3308
orangetheory,3309
blogsnark,3310
TigerBelly,3311
Nioh,3312
fiaustralia,3313
StateofDecay2,3314
JUSTNOFAMILY,3315
monsterhunterrage,3316
GeForceNOW,3317
LegendsOfRuneterra,3318
starwarsspeculation,3319
ClipStudio,3320
BDSMAdvice,3321
amazfit,3322
airpods,3323
EdgingTalk,3324
Astroneer,3325
DeepFriedMemes,3326
TelegramGroups,3327
IRLEasterEggs,3328
supportlol,3329
cemu,3330
ScottishPeopleTwitter,3331
F13thegame,3332
BetterEveryLoop,3333
PostMalone,3334
insanepeoplefacebook,3335
Steam_Link,3336
StrangerThings,3337
madlads,3338
JumpChain,3339
Stremio,3340
rpdrcringe,3341
IdiotsInCars,3342
DetroitBecomeHuman,3343
13ReasonsWhy,3344
FlarrowPorn,3345
aznidentity,3346
MapleStoryM,3347
GooglePixel,3348
reactgirls,3349
nfsnolimits,3350
EscapefromTarkov,3351
falloutsettlements,3352
pyrocynical,3353
Trainwreckstv,3354
cyberpunkgame,3355
KissCartoon,3356
iamveryrandom,3357
legaladviceofftopic,3358
absolutelynotme_irl,3359
furry_irl,3360
rarepuppers,3361
juul,3362
ARKone,3363
CompetitiveForHonor,3364
Zoomies,3365
esp32,3366
homeassistant,3367
ps4homebrew,3368
JhinMains,3369
PeopleFuckingDying,3370
SkyrimTogether,3371
VFIO,3372
ClashRoyale,3373
MaliciousCompliance,3374
DaysGone,3375
homebridge,3376
omad,3377
bravia,3378
BadMensAnatomy,3379
recruitinghell,3380
surrealmemes,3381
alteredcarbon,3382
Konosuba,3383
ConanExiles,3384
crtgaming,3385
TheSilphRoad,3386
Shadowverse,3387
ABoringDystopia,3388
BeachCity,3389
Political_Revolution,3390
portalknights,3391
deadbydaylight,3392
CapitalismVSocialism,3393
BreakPoint,3394
Megumin,3395
crushcrush,3396
Dynavap,3397
evilbuildings,3398
skam,3399
learnmachinelearning,3400
AskTrumpSupporters,3401
PokeMoonSun,3402
Death_By_SnuSnu,3403
lordsmobile,3404
nbadiscussion,3405
iqos,3406
deadcells,3407
UnethicalLifeProTips,3408
Wolcen,3409
mmababes,3410
DCEUleaks,3411
60daysin,3412
Logic_301,3413
IndiaSpeaks,3414
PhoenixPoint,3415
Comcast_Xfinity,3416
RPDRDRAMA,3417
liluzivert,3418
youseeingthisshit,3419
arkps4,3420
TapTitans2,3421
BikiniBottomTwitter,3422
DkS3Builds,3423
Re_Zero,3424
Granblue_en,3425
sideloaded,3426
bashonubuntuonwindows,3427
disneyvacation,3428
MarvelStudiosSpoilers,3429
Diepio,3430
Minoxbeards,3431
loltyler1,3432
classicwow,3433
XXXTENTACION,3434
Infinitewarfare,3435
2meirl4meirl,3436
3dspiracy,3437
battlefield_one,3438
H3VR,3439
AskOuija,3440
LilPeep,3441
HumansAreMetal,3442
myfavoritemurder,3443
OverwatchUniversity,3444
gpdwin,3445
thegrandtour,3446
TheGoodPlace,3447
Overwatch_Memes,3448
SpoiledSurvivor,3449
HostileArchitecture,3450
googlehome,3451
Discord_Bots,3452
beautytalkph,3453
starfinder_rpg,3454
future_fight,3455
NextCloud,3456
RedDeadOnline,3457
smiledirectclub,3458
TheDickShow,3459
MrBeast,3460
GamingLeaksAndRumours,3461
SpaceXLounge,3462
PartyParrot,3463
mattcolville,3464
QuakeChampions,3465
DeathStranding,3466
SpidermanPS4,3467
Oxygennotincluded,3468
Breath_of_the_Wild,3469
PicsOfUnusualBirds,3470
LesbianActually,3471
DMAcademy,3472
googledrivefiles,3473
noxappplayer,3474
ShitPostCrusaders,3475
BlackPink,3476
CanadaPublicServants,3477
RagnarokMobile,3478
EmpiresAndPuzzles,3479
Moonlighter,3480
CSRRacing2,3481
8bitdo,3482
AmazonFlexDrivers,3483
AccurateBattleSim,3484
Fuckthealtright,3485
PokemonGoSpoofing,3486
Revolut,3487
WayOfTheBern,3488
Retconned,3489
disneyemojiblitz,3490
TheHandmaidsTale,3491
miniSNES,3492
Mercari,3493
mysticmessenger,3494
EggsInc,3495
rpghorrorstories,3496
lowspecgamer,3497
gatekeeping,3498
sennamains,3499
SULeaks,3500
PUBATTLEGROUNDS,3501
Enough_Sanders_Spam,3502
playboicarti,3503
blackmagicfuckery,3504
CallMeCarson,3505
arkhamhorrorlcg,3506
OvercookedGame,3507
KimetsuNoYaiba,3508
JustBootThings,3509
thepromisedneverland,3510
boottoobig,3511
ATBGE,3512
girlsfrontline,3513
hotones,3514
AMD_Stock,3515
AnnePro,3516
yeezys,3517
AskThe_Donald,3518
ukdrill,3519
MicrosoftRewards,3520
VitaPiracy,3521
RepLadies,3522
mathmemes,3523
ItalyInformatica,3524
NetflixViaVPN,3525
IdleHeroes,3526
DesignerReps,3527
GothBoiClique,3528
HyperX,3529
Frostpunk,3530
SelfAwarewolves,3531
RocketLeagueExchange,3532
VoteBlue,3533
DuelLinks,3534
PS4Pro,3535
cursedimages,3536
BoneAppleTea,3537
glossier,3538
PUBG,3539
EntitledPeople,3540
BanGDream,3541
wholesomememes,3542
pesmobile,3543
NatureIsFuckingLit,3544
cloudygamer,3545
SCUMgame,3546
MinionMasters,3547
GoogleWiFi,3548
MemeEconomy,3549
CrackWatch,3550
LOONA,3551
LISKiller,3552
mopeio,3553
DQBuilders,3554
mobilelegends,3555
prusa3d,3556
linuxhardware,3557
fakehistoryporn,3558
9anime,3559
PlanetZoo,3560
shittyrainbow6,3561
DrainTheSwamp,3562
NintendoSwitch,3563
SwitchHacks,3564
NintendoSwitchDeals,3565
WatchPeopleDieInside,3566
DavidDobrik,3567
NevilleGoddard,3568
OMGCosplay,3569
couriersofreddit,3570
dontputyourdickinthat,3571
FreeKarma4U,3572
slaythespire,3573
woooosh,3574
MicrosoftTeams,3575
AfterTheLoop,3576
Memes_Of_The_Dank,3577
ContraPoints,3578
orbi,3579
PedoGate,3580
OurPresident,3581
livepd,3582
wholesomeanimemes,3583
freedommobile,3584
creepyasterisks,3585
A24,3586
sbubby,3587
Gloomhaven,3588
MixedRaceGirls,3589
fatFIRE,3590
RobinHoodPennyStocks,3591
KristenHancher,3592
xboxinsiders,3593
vipkid,3594
LineageOS,3595
Isekai,3596
wholesomegifs,3597
MurderedByWords,3598
PrintedMinis,3599
AteTheOnion,3600
ProtonVPN,3601
CrackSupport,3602
CanadianMOMs,3603
IdiotsNearlyDying,3604
PrequelMemes,3605
AccidentalArtGallery,3606
wallpaperengine,3607
WizardsUnite,3608
bingingwithbabish,3609
RaftTheGame,3610
radarr,3611
onguardforthee,3612
KillingStalking,3613
IsTodayFridayThe13th,3614
CEMUcaches,3615
octopathtraveler,3616
Kaguya_sama,3617
luckypatcher,3618
CemuPiracy,3619
SequelMemes,3620
CalamityMod,3621
Grimdank,3622
SoulKnight,3623
Bitwarden,3624
FireEmblemHeroes,3625
IPTVReviews,3626
GolfClash,3627
PoliticalCompassMemes,3628
FashionRepsBST,3629
Blasphemous,3630
dndmaps,3631
OTMemes,3632
f45,3633
DeepRockGalactic,3634
skribbl,3635
motorsportsstreams,3636
WeCantStudy,3637
DrStone,3638
greedfall,3639
ProshotMusicals,3640
FeetToesAndSocks,3641
CasualUK,3642
TeslaLounge,3643
DarkHumorAndMemes,3644
Amoledbackgrounds,3645
gay_irl,3646
ComedyNecrophilia,3647
MoeMorphism,3648
GraveyardKeeper,3649
shadow_of_war,3650
CR10,3651
BeautyGuruChatter,3652
youtubetv,3653
techwearclothing,3654
GoblinSlayer,3655
DelphiMurders,3656
SwitchHaxing,3657
BadMUAs,3658
iamatotalpieceofshit,3659
houkai3rd,3660
AsiaTripper,3661
SexyYouTubers,3662
704nascarheat,3663
MotorsportsReplays,3664
BATProject,3665
cardano,3666
SiegeAcademy,3667
wholesomeyuri,3668
LeopardsAteMyFace,3669
TrumpCriticizesTrump,3670
DestinyTechSupport,3671
WhereAreAllTheGoodMen,3672
Kings_Raid,3673
Windscribe,3674
ultimateskyrim,3675
tradfri,3676
bonehurtingjuice,3677
raimimemes,3678
IncelsWithoutHate,3679
DiretoDoZapZap,3680
cursedvideos,3681
playatlas,3682
grandsummoners,3683
unOrdinary,3684
MemeTemplatesOfficial,3685
btd6,3686
Chiraqology,3687
AnalogCommunity,3688
codevein,3689
WinStupidPrizes,3690
bigboye,3691
2busty2hide,3692
MadeInAbyss,3693
DankMemesFromSite19,3694
ihavesex,3695
NarutoShinobiStriker,3696
Brawlstars,3697
WindowsMR,3698
HeadphoneAdvice,3699
hackthebox,3700
ror2,3701
OverwatchTMZ,3702
SurvivingMars,3703
jailbreak_,3704
HQDesi,3705
HuntShowdown,3706
BuzzFeedUnsolved,3707
IncelTears,3708
notapanelshow,3709
LoveNikki,3710
medicalschoolanki,3711
magiarecord,3712
gachagaming,3713
IllegalLifeProTips,3714
ShitpostXIV,3715
InternetStars,3716
HomePod,3717
NMSCoordinateExchange,3718
MonsterHunterWorld,3719
AnthemTheGame,3720
dragonballfighterz,3721
dbfz,3722
LoveIslandTV,3723
skyrimvr,3724
PewdiepieSubmissions,3725
CrackheadCraigslist,3726
MUAontheCheap,3727
idlechampions,3728
Amouranth,3729
pop_os,3730
stockx,3731
KaynMains,3732
callmebyyourname,3733
ConquerorsBlade,3734
mytimeatportia,3735
MovieDetails,3736
binance,3737
MergeDragons,3738
offlineTV,3739
shittymoviedetails,3740
NightmareExpo,3741
billieeilish,3742
LISKCase,3743
WarhammerCompetitive,3744
R6ProLeague,3745
GalaxysEdge,3746
arenaofvalor,3747
13or30,3748
noita,3749
The_Mueller,3750
egg_irl,3751
Beastars,3752
EnaiRim,3753
perfectlycutscreams,3754
AbruptChaos,3755
Bossfight,3756
FLMedicalTrees,3757
MagicArena,3758
formuladank,3759
bigtitsinbikinis,3760
oilpen,3761
UKPanelShowsOnly,3762
virginvschad,3763
X4Foundations,3764
truerateme,3765
mangarockapp,3766
lostredditors,3767
TeenMomOGandTeenMom2,3768
ClassroomOfTheElite,3769
jurassicworldevo,3770
wasletztepreis,3771
miniSNESmods,3772
animepiracy,3773
ENLIGHTENEDCENTRISM,3774
holdmyfeedingtube,3775
CloneHero,3776
90dayfianceuncensored,3777
comedyhomicide,3778
XboxGamePass,3779
DarlingInTheFranxx,3780
PraiseTheCameraMan,3781
FortNiteBR,3782
d100,3783
suicidebywords,3784
RPClipsGTA,3785
notliketheothergirls,3786
DDLC,3787
AnisaJomha_Reddit,3788
Angels_Kimi,3789
Asphalt9,3790
lightshope,3791
ItemShop,3792
TurkeyJerky,3793
TheMonkeysPaw,3794
menwritingwomen,3795
ShiptShoppers,3796
dankmemer,3797
enoughpetersonspam,3798
TheRightCantMeme,3799
AzureLane,3800
vaxxhappened,3801
MoviesAnywhere,3802
OculusGo,3803
ElectricScooters,3804
Vanessa_Bohorquez,3805
justdependathings,3806
VerifiedFeet,3807
ToiletPaperUSA,3808
Pacybits,3809
ACPocketCamp,3810
TargetedShirts,3811
wyzecam,3812
M1Finance,3813
SGExams,3814
PUBGXboxOne,3815
insaneparents,3816
Instagramreality,3817
Botchedsurgeries,3818
Evertale,3819
DDLCMods,3820
HustleCastle,3821
LightsCameraPodcast,3822
harrypotterwu,3823
TNOmod,3824
Komi_san,3825
arknights,3826
toptalent,3827
BlackDesertMobile,3828
donthelpjustfilm,3829
technicallythetruth,3830
AlchemistCodeGL,3831
rareinsults,3832
MarvelStrikeForce,3833
AnycubicPhoton,3834
WireGuard,3835
PUBGMobile,3836
NelkFilmz,3837
BnHAOnesJustice,3838
5ToubunNoHanayome,3839
FuckYouKaren,3840
BlackWolfFeed,3841
Visible,3842
reddit.com,3843
jessicanigri5,3844
okbuddyretard,3845
HPHogwartsMystery,3846
pokecord,3847
saltierthancrait,3848
loveafterlockup,3849
BokuNoMetaAcademia,3850
LaCasaDePapel,3851
CurseofStrahd,3852
riprequests,3853
thanksihateit,3854
VirtualYoutubers,3855
forbiddensnacks,3856
KamikazeByWords,3857
ItHadToBeBrazil,3858
AbsoluteUnits,3859
celestegame,3860
ShadowPC,3861
FortniteCompetitive,3862
medizzy,3863
SnapLenses,3864
CashApp,3865
FGOcomics,3866
KeanuBeingAwesome,3867
TwoPointHospital,3868
DigimonReArise,3869
DissidiaFFOO,3870
clevercomebacks,3871
beatsaber,3872
SiestaKeyMTV,3873
FASCAmazon,3874
FPSAimTrainer,3875
MonsterHunterMeta,3876
MarioKartTour,3877
gatesopencomeonin,3878
conspiracy_commons,3879
BollyBlindsNGossip,3880
DuggarsSnark,3881
QueerEye,3882
xqcow,3883
iptvresellers,3884
RapLeaks,3885
EliteNetflix,3886
TapTapHeroes,3887
LodedDiper,3888
SpoiledDragRace,3889
kaisamains,3890
GhettoStreetFights,3891
OnMyBlock,3892
PlayTemtem,3893
ShitMomGroupsSay,3894
StarWarsCantina,3895
Mizkif,3896
CuckoldPsychology,3897
Pathfinder2e,3898
VIZIO_Official,3899
shortcels,3900
JuiceWRLD,3901
WearOS,3902
FortNiteMobile,3903
Imperator,3904
SatisfactoryGame,3905
unpopularkpopopinions,3906
InclusiveOr,3907
thanosdidnothingwrong,3908
MSI_Gaming,3909
Cursed_Images,3910
comedyheaven,3911
DiscoElysium,3912
DragonballLegends,3913
GunAccessoriesForSale,3914
brave_browser,3915
gangweed,3916
Lastshelter,3917
teenagersnew,3918
povertyfinance,3919
NotionSo,3920
MobileLegendsGame,3921
ThatLookedExpensive,3922
stupidpol,3923
Agraelus,3924
KrunkerIO,3925
Crostini,3926
Trufemcels,3927
ihadastroke,3928
redscarepod,3929
cursedcomments,3930
mintmobile,3931
ender3,3932
IAmaKiller,3933
tryonhaul,3934
DailyPornAccounts,3935
Pathfinder_Kingmaker,3936
BreadTube,3937
HazbinHotel,3938
YuzuPiracy,3939
DragaliaLost,3940
Healthyhooha,3941
titanfolk,3942
hanakokun,3943
Celebhub,3944
TarkovMemes,3945
VlogSquadGirls,3946
HeroWarsApp,3947
YangForPresidentHQ,3948
FundieSnark,3949
blursedimages,3950
LegaciesCW,3951
GalaxyWatch,3952
PokemonLetsGo,3953
HollowKnightMemes,3954
IdentityV,3955
theJoeBuddenPodcast,3956
SwitchPirates,3957
OKmarijuana,3958
Webull,3959
FortniteFashion,3960
fo76,3961
JerkOffToDesiCelebs,3962
InsanePeopleQuora,3963
AssassinsCreedOdyssey,3964
GoCommitDie,3965
Catswhoyell,3966
Animal_Sanctuary,3967
rimjob_steve,3968
HobbyDrama,3969
scacjdiscussion,3970
Spellbreak,3971
blessunleashed,3972
FallenOrder,3973
Sekiro,3974
jumpforce,3975
ElderScrollsBlades,3976
lingling40hrs,3977
TheOutsider,3978
controlgame,3979
FireEmblemThreeHouses,3980
SmashBrosUltimate,3981
remnantgame,3982
DidntKnowIWantedThat,3983
worldwarzthegame,3984
FostTalicska,3985
AMCsAList,3986
moddedandroidapps,3987
afkarena,3988
TenseiSlime,3989
MichaelReeves,3990
reddeadmysteries,3991
FortniteCreative,3992
TheDragonPrince,3993
SubwayCreatures,3994
bon_appetit,3995
AdobeZii,3996
netflixwitcher,3997
DomesticGirlfriend,3998
SwitchXCI,3999
sarmssourcetalk,4000
nextfuckinglevel,4001
MusicalBootlegs,4002
Kengan_Ashura,4003
SoundBlasterOfficial,4004
BrandNewSentence,4005
FragileWhiteRedditor,4006
MakeMeSuffer,4007
Celebswithbigtits,4008
BladeAndSorcery,4009
MHGU,4010
science,4011
RiseofCivilizationsEn,4012
Nievamara,4013
wonderdraft,4014
TikTokCringe,4015
itsafetish,4016
dogelore,4017
Arcade1Up,4018
teslainvestorsclub,4019
Market76,4020
fuseboxgames,4021
Pete_Buttigieg,4022
weddingshaming,4023
SteamPlay,4024
SophieM,4025
sjain_guides,4026
wholesomejojo,4027
youngpeopleyoutube,4028
RaidShadowLegends,4029
EpicSeven,4030
PocoPhones,4031
Vanced,4032
agedlikemilk,4033
PornoMemes,4034
startrekfleetcommand,4035
YouOnLifetime,4036
TTVreborn,4037
Chonkers,4038
cellbits,4039
PlaystationClassic,4040
TheCircleTV,4041
Cringetopia,4042
OculusQuest,4043
SwitchNSPs,4044
WitchesVsPatriarchy,4045
suspiciouslyspecific,4046
LudwigAhgren,4047
Pineapplebrat,4048
CallOfDutyMobile,4049
reddeadfashion,4050
imsorryjon,4051
playblackdesert,4052
MalluBabes,4053
hempflowers,4054
TheOCS,4055
BitLifeApp,4056
MoDaoZuShi,4057
HolUp,4058
Deltarune,4059
ApksApps,4060
nhaa,4061
Midsommar,4062
DisneyPlus,4063
TIHI,4064
ValveIndex,4065
sololeveling,4066
Davie504,4067
EDAnonymous,4068
airdots,4069
apexlegends,4070
WhyWomenLiveLonger,4071
tiktokthots,4072
Doomers,4073
arabfunny,4074
Switchloader,4075
theouterworlds,4076
FREEMEDIAHECKYEAH,4077
CallHerDaddy,4078
IndianSocial,4079
TheSilphArena,4080
DestinyChildGlobal,4081
HadesTheGame,4082
jellyfin,4083
godtiersuperpowers,4084
Tenkinoko,4085
GranblueFantasyVersus,4086
ThatsInsane,4087
assholetax,4088
TheMaskedSinger,4089
EntitledBitch,4090
antifastonetoss,4091
UKTVLAND,4092
AEWOfficial,4093
NetflixSexEducation,4094
shittymobilegameads,4095
SrGrafo,4096
ethfinance,4097
outwardgame,4098
NetflixKingdom,4099
boneworks,4100
AnotherEdenGlobal,4101
EpicGamesPC,4102
SapphoAndHerFriend,4103
galaxybuds,4104
SophiiaDiamond,4105
apexuniversity,4106
ApexOutlands,4107
ChernobylTV,4108
LGBDropTheT,4109
RiseofKingdoms,4110
PokiNSFW3,4111
China_irl,4112
PokemonSwordAndShield,4113
Stadia,4114
FemaleDatingStrategy,4115
FitnessGuidesSharing,4116
YandhiLeaks,4117
SwitchNSP,4118
SDSGrandCross,4119
DeathByMillennial,4120
TikThots,4121
boomershumor,4122
fuckepic,4123
CelebBattles,4124
AppleArcade,4125
fakecartridges,4126
burdurland,4127
dadswhodidnotwantpets,4128
Jreg,4129
