progmetal,0
manga,1
dbfz,2
jerma985,3
WeWantPlates,4
adventuretime,5
BeachCity,6
youngpeopleyoutube,7
rocketbeans,8
SFM,9
blunderyears,10
MovieDetails,11
prisonarchitect,12
Ubiquiti,13
CozyPlaces,14
whiteknighting,15
Agraelus,16
KGBTR,17
malegrooming,18
sousvide,19
Naruto,20
Kings_Raid,21
Modern_Family,22
TheMonkeysPaw,23
aviation,24
swrpg,25
Tekken,26
CompetitiveForHonor,27
Eve,28
mazda3,29
specializedtools,30
BlackPink,31
LOONA,32
dogecoin,33
speedrun,34
TownofSalemgame,35
guitarlessons,36
graphic_design,37
dungeondefenders,38
FFXV,39
notapanelshow,40
Bellingham,41
Tokyo,42
ask,43
UCalgary,44
Reno,45
ShingekiNoKyojin,46
braces,47
Warframe,48
Slack,49
1200isplenty,50
yeezys,51
productivity,52
LeagueConnect,53
esp32,54
USPS,55
ClassroomOfTheElite,56
DragonballLegends,57
grandsummoners,58
Flights,59
Piracy,60
holdmyfries,61
Michigan,62
dyinglight,63
CPTSD,64
SuggestALaptop,65
thinkorswim,66
boneworks,67
CashApp,68
canucks,69
Kappa,70
pokemon,71
BigBrother,72
PublicFreakout,73
TalesFromTheFrontDesk,74
3Dprinting,75
backpacks,76
13ReasonsWhy,77
Deathcore,78
HomeNetworking,79
wwiipics,80
bapcsalescanada,81
RedHotChiliPeppers,82
brakebills,83
PS4Deals,84
selfhosted,85
meirl,86
teslore,87
DarK,88
florida,89
assassinscreed,90
ftm,91
boxoffice,92
PleX,93
AMCsAList,94
Austin,95
PicsOfUnusualBirds,96
oldschoolrs,97
Unity3D,98
nova,99
falloutlore,100
poland,101
electricians,102
ItHadToBeBrazil,103
traaaaaaannnnnnnnnns,104
canadaguns,105
Python,106
OreGairuSNAFU,107
neverwinternights,108
PiratedGames,109
Beastars,110
AmericanHorrorStory,111
Rochester,112
monsterhunterrage,113
lfg,114
FitAndNatural,115
VirtualYoutubers,116
awfuleverything,117
Columbus,118
WorldofTanks,119
linuxadmin,120
AnimalsBeingJerks,121
AskEurope,122
FioraMains,123
books,124
SamandTolki,125
longboarding,126
WatchRedditDie,127
CK2GameOfthrones,128
GrandTheftAutoV_PC,129
mylittlepony,130
SpidermanPS4,131
battlemaps,132
HollowKnight,133
learnprogramming,134
supremeclothing,135
NonBinary,136
rollerblading,137
lockpicking,138
AskMenOver30,139
CR10,140
BikiniBottomTwitter,141
dontyouknowwhoiam,142
CrackStatus,143
LearnUselessTalents,144
MurderedByWords,145
offmychest,146
kettlebell,147
CapitalismVSocialism,148
socialskills,149
FLMedicalTrees,150
toastme,151
FigureSkating,152
fivenightsatfreddys,153
shopify,154
obeyme,155
InclusiveOr,156
morbidquestions,157
Vaping101,158
geopolitics,159
mechanical_gifs,160
amazonprime,161
shorthairedhotties,162
italy,163
opensource,164
IBO,165
SkyFactory,166
Flipping,167
Gunners,168
diablo2,169
woahdude,170
badroommates,171
PokemonLetsGo,172
comedyhomicide,173
timbers,174
animememes,175
ultimateskyrim,176
Portal,177
Catan,178
ar15,179
MUAontheCheap,180
oneplus,181
sweden,182
PlayTemtem,183
asexuality,184
uplay,185
femalefashionadvice,186
DestinyTechSupport,187
TheBlackList,188
linguistics,189
prettyaltgirls,190
ukulele,191
gnome,192
iBUYPOWER,193
FortniteFashion,194
LSD,195
vikingstv,196
mcservers,197
czech,198
gamegrumps,199
shoebots,200
lux,201
goodmythicalmorning,202
AskHR,203
AskMen,204
FiftyFifty,205
newreddits,206
Kaguya_sama,207
PokeMoonSun,208
Pikabu,209
CalamityMod,210
RobinHoodPennyStocks,211
blursedimages,212
panelshow,213
MtvChallenge,214
Vinesauce,215
lastweektonight,216
PS4Dreams,217
powerwashingporn,218
EDF,219
lonely,220
UTAustin,221
EDC,222
boottoobig,223
FalloutMods,224
bigtitsinbikinis,225
cheatengine,226
castiron,227
magiarecord,228
AskOuija,229
WEPES,230
whatstheword,231
femboy,232
DissidiaFFOO,233
SchittsCreek,234
indianapolis,235
chanceme,236
MechanicAdvice,237
stephenking,238
vegetarian,239
homeautomation,240
utdallas,241
LivestreamFail,242
disneyvacation,243
dank_meme,244
neopets,245
TOR,246
DomesticGirlfriend,247
lolgrindr,248
xqcow,249
PipeTobacco,250
Fedora,251
ApksApps,252
Showerthoughts,253
Kingdom,254
AgainstHateSubreddits,255
virginvschad,256
Sneakers,257
Costco,258
Lastshelter,259
PocoPhones,260
outrun,261
mildlyinteresting,262
baseball,263
WorldOfWarships,264
Roll20,265
Meditation,266
wholesomeanimemes,267
Amsterdam,268
SneakySasquatch,269
DBZDokkanBattle,270
Windscribe,271
RetroArch,272
FeMRADebates,273
teenagers,274
WhatsWrongWithYourDog,275
HomeDepot,276
LodedDiper,277
childfree,278
CelebrityFeet,279
TeslaModel3,280
TargetedShirts,281
QuotesPorn,282
APStudents,283
csharp,284
smiledirectclub,285
AraAra,286
bravia,287
singing,288
vexillology,289
billieeilish,290
GradSchool,291
DeFranco,292
milwaukee,293
SBU,294
hiphop101,295
TsumTsum,296
JRPG,297
GameStop,298
LaTeX,299
ffxi,300
Kotlin,301
gwent,302
MouseReview,303
makeyourchoice,304
ynab,305
TopMindsOfReddit,306
BobsBurgers,307
homebridge,308
fujifilm,309
INJUSTICE,310
amateur_boxing,311
sportsbook,312
internetparents,313
maybemaybemaybe,314
Darts,315
minnesota,316
mealtimevideos,317
acne,318
DnD,319
food,320
VoteBlue,321
short,322
Battletechgame,323
Turkey,324
Ebay,325
Ubuntu,326
spaceengineers,327
Paranormal,328
self,329
UnsolvedMysteries,330
starcraft,331
gratefuldead,332
PoliticalHumor,333
SexWorkers,334
BravoRealHousewives,335
RotMG,336
CHIBears,337
CoinBase,338
wholesomememes,339
nsfwTikTok,340
Grapplerbaki,341
GIMP,342
metro,343
thalassophobia,344
syriancivilwar,345
Miami,346
Persona5,347
camping,348
coffeemeetsbagel,349
silenthill,350
CEMUcaches,351
Scotland,352
churning,353
RepLadies,354
RoyalDice,355
dankmemes,356
Target,357
HeadphoneAdvice,358
LegalAdviceUK,359
baltimore,360
pcgaming,361
DuelLinks,362
Stadia,363
confession,364
NorthCarolina,365
bigboye,366
Cyberpunk,367
nvidia,368
toptalent,369
reddeadmysteries,370
DoesAnybodyElse,371
fatlogic,372
phinvest,373
samsung,374
philadelphia,375
ultimate,376
GameTheorists,377
Anki,378
pussypassdenied,379
amiugly,380
PokemonGoSpoofing,381
2007scape,382
HuntShowdown,383
girlsfrontline,384
synology,385
trans,386
ich_iel,387
gaybros,388
AskCulinary,389
CelebsBR,390
Visible,391
college,392
ToiletPaperUSA,393
COVID19_support,394
TrueFilm,395
DFO,396
Banished,397
Astronomy,398
Switzerland,399
biology,400
twinpeaks,401
climbharder,402
lawofattraction,403
grime,404
TheLastAirbender,405
confessions,406
UnsentLetters,407
Moonlighter,408
clonewars,409
privacy,410
lululemon,411
UnethicalLifeProTips,412
asktrp,413
magicthecirclejerking,414
mbti,415
Stretched,416
h3h3productions,417
autotldr,418
cardano,419
SophieM,420
Jazz,421
poshmark,422
discordapp,423
RPGMaker,424
tattoo,425
uchicago,426
horror,427
homeassistant,428
YangForPresidentHQ,429
The100,430
tylerthecreator,431
PvZGardenWarfare,432
uofm,433
imsorryjon,434
tretinoin,435
niceguys,436
Garmin,437
bleach,438
MachineLearning,439
CreditCards,440
instantkarma,441
Velo,442
IRLgirls,443
humblebundles,444
git,445
options,446
manchester,447
DnDBehindTheScreen,448
LearnJapanese,449
investimentos,450
Models,451
PS5,452
aggies,453
redditdev,454
tacobell,455
slatestarcodex,456
Trufemcels,457
drphil,458
spacex,459
homedefense,460
mazda,461
IncelTears,462
fightsticks,463
bicycletouring,464
dating,465
ak47,466
tumblr,467
raimimemes,468
KGATLW,469
KaynMains,470
firefox,471
FiddlesticksMains,472
Pathfinder_Kingmaker,473
AmazonFlexDrivers,474
seduction,475
wownoob,476
ConquerorsBlade,477
SSAwakening,478
soylent,479
pcmasterrace,480
kitchener,481
AdamCarolla,482
lotr,483
witcher,484
SexWorkersOnly,485
HiTMAN,486
SilkRoad,487
Lenovo,488
Step2,489
sysadmin,490
security,491
instant_regret,492
fragrance,493
NFA,494
EdmontonOilers,495
gifs,496
AlchemistCodeGL,497
PS4,498
DragonRajaMobile,499
NewOrleans,500
thedivision,501
rarepuppers,502
OSHA,503
howardstern,504
medical,505
occult,506
Killtony,507
WatchPeopleDieInside,508
Fallout,509
Wellington,510
dontputyourdickinthat,511
Csgohacks,512
gpumining,513
ezrealmains,514
delusionalcraigslist,515
learnpython,516
sales,517
EDM,518
snes,519
massachusetts,520
tryonhaul,521
birthcontrol,522
orlando,523
islam,524
FreeGamesOnSteam,525
bonehurtingjuice,526
IdiotsInCars,527
LeopardsAteMyFace,528
FireEmblemHeroes,529
AskEngineers,530
NormMacdonald,531
YouFellForItFool,532
ArchitecturalRevival,533
fitbit,534
FeetToesAndSocks,535
TechnoProduction,536
digimon,537
RoastMe,538
CrusaderKings,539
funny,540
Hawaii,541
SoccerBetting,542
greenday,543
couriersofreddit,544
tacticalgear,545
ladyladyboners,546
NFL_Draft,547
AndroidAuto,548
FortniteCompetitive,549
futurama,550
Gymnastics,551
Buddhism,552
relationships,553
unitedkingdom,554
chile,555
furry,556
RWBY,557
etymology,558
Toyota,559
gorillaz,560
FortniteCreative,561
MTGLegacy,562
alexandradaddario,563
BeAmazed,564
criminalminds,565
Beatmatch,566
WritingPrompts,567
UCDavis,568
CemuPiracy,569
orthotropics,570
lifehacks,571
macbookpro,572
ImaginaryWarhammer,573
USCIS,574
PhantomForces,575
Bless,576
delusionalartists,577
IAmA,578
SDSGrandCross,579
discgolf,580
plagueinc,581
Forex,582
IdiotsNearlyDying,583
archlinux,584
omad,585
glasgow,586
jailbreak,587
podemos,588
Mommit,589
shittymoviedetails,590
Watchexchange,591
buildapcforme,592
AstroGaming,593
GirlGamers,594
5ToubunNoHanayome,595
GoblinSlayer,596
afkarena,597
longrange,598
Mavericks,599
2busty2hide,600
Glitch_in_the_Matrix,601
SecurityAnalysis,602
Asphalt9,603
TeenMomOGandTeenMom2,604
badhistory,605
cats,606
tradfri,607
watercooling,608
originalxbox,609
GetMotivated,610
GBA4iOS,611
MemeTemplatesOfficial,612
ACPocketCamp,613
loveafterlockup,614
anno,615
Cursed_Images,616
disney,617
hoggit,618
hacking,619
PlanetZoo,620
leaves,621
MicrosoftTeams,622
sideloaded,623
actuallesbians,624
shitpostemblem,625
Indiemakeupandmore,626
rpg_gamers,627
anime,628
LawSchool,629
IPTV,630
LaCasaDePapel,631
apple,632
lowendgaming,633
unpopularkpopopinions,634
StateofDecay2,635
ImpracticalJokers,636
bikewrench,637
brockhampton,638
Granblue_en,639
Militaryfaq,640
realestateinvesting,641
crochet,642
shittyrainbow6,643
Etsy,644
buildapc,645
eu4,646
coaxedintoasnafu,647
Dodgers,648
CFA,649
stocks,650
NameThatSong,651
Browns,652
CrazyIdeas,653
Stoicism,654
ToolBand,655
phr4r,656
cocktails,657
Celebswithbigtits,658
harvestmoon,659
AbandonedPorn,660
Soundbars,661
yorku,662
gmod,663
bigbangtheory,664
AskScienceDiscussion,665
CallOfDutyMobile,666
StreetFights,667
diablo3,668
crossfit,669
AnimalsBeingDerps,670
ComedyNecrophilia,671
PokemonSwordAndShield,672
woooosh,673
arcticmonkeys,674
sarmssourcetalk,675
HFY,676
prey,677
RATS,678
londonontario,679
harrypotter,680
bladeandsoul,681
Firebase,682
electronicmusic,683
holdmycosmo,684
KamikazeByWords,685
supportlol,686
ccna,687
FantasyPL,688
GolfClash,689
confusing_perspective,690
fermentation,691
craigslist,692
JUSTNOMIL,693
cpp_questions,694
Minecraft,695
MaliciousCompliance,696
NoContract,697
shameless,698
learndota2,699
OneyPlays,700
RagnarokMobile,701
Dermatology,702
skyrimvr,703
bettafish,704
malehairadvice,705
conspiracy_commons,706
MonsterHunterWorld,707
wicked_edge,708
tipofmytongue,709
Guitar,710
SGExams,711
kingdomcome,712
raspberry_pi,713
vexillologycirclejerk,714
Sacramento,715
paypal,716
techsupportgore,717
madisonwi,718
betterCallSaul,719
HadToHurt,720
oilpen,721
powerlifting,722
NatureIsFuckingLit,723
WiiHacks,724
CODZombies,725
Markiplier,726
Citrix,727
GamerGhazi,728
Whatcouldgowrong,729
stockx,730
Monstercat,731
Gamingcirclejerk,732
Telegram,733
CasualUK,734
RedDeadOnline,735
curb,736
Chodi,737
gatesopencomeonin,738
zerocarb,739
pcmusic,740
StrongCurves,741
JoeBiden,742
bravefrontier,743
HomeKit,744
farcry,745
auckland,746
NetflixBestOf,747
KerbalSpaceProgram,748
FreeKarma4U,749
eero,750
JapanTravel,751
Scrubs,752
mturk,753
nier,754
mechmarket,755
wowservers,756
Spiderman,757
Boruto,758
keto,759
canadients,760
FifaCareers,761
Sino,762
R6ProLeague,763
AbruptChaos,764
Chipotle,765
civ5,766
nonononoyes,767
surrealmemes,768
quotes,769
Mcat,770
Anarchism,771
fantasywriters,772
emulation,773
Mercari,774
GTAV,775
Multicopter,776
learnjava,777
vancouver,778
homeland,779
forwardsfromgrandma,780
thegrandtour,781
DecidingToBeBetter,782
Eesti,783
IndoorGarden,784
FFVIIRemake,785
thelongdark,786
runningman,787
DQBuilders,788
Pathfinder_RPG,789
reactnative,790
dadswhodidnotwantpets,791
findfashion,792
hackthebox,793
youtubetv,794
malefashionadvice,795
madmen,796
rosin,797
iZone,798
Gamecube,799
rant,800
Onision,801
redditbay,802
drunk,803
IsItBullshit,804
StardustCrusaders,805
simracing,806
TheGirlSurvivalGuide,807
KUWTK,808
FulfillmentByAmazon,809
bigdickproblems,810
Depop,811
SS13,812
DestinyFashion,813
warface,814
ValveIndex,815
ClipStudio,816
facebook,817
Thunder,818
wholesomegifs,819
Cigarettes,820
PUBGMobile,821
DailyPornAccounts,822
Seaofthieves,823
heroes3,824
TheWire,825
nasa,826
podcasts,827
Dexter,828
gaming,829
subnautica,830
GarageBand,831
triplej,832
manhwa,833
LoveNikki,834
Cooking,835
Picard,836
PandemicPreps,837
FORTnITE,838
GMail,839
lanadelrey,840
fo76,841
Thaumcraft,842
arkhamhorrorlcg,843
BobsTavern,844
rum,845
MordekaiserMains,846
Traeger,847
motogp,848
skam,849
java,850
bangtan,851
heroesofthestorm,852
Spectrum,853
InsanePeopleQuora,854
intelnuc,855
DeepFriedMemes,856
DippingTobacco,857
opiates,858
assettocorsa,859
imaginarymaps,860
Shadowverse,861
ContestOfChampions,862
KillingStalking,863
transtimelines,864
DJs,865
japanlife,866
shittymobilegameads,867
pickuplines,868
StudentNurse,869
rupaulsdragrace,870
Chiraqology,871
DrugNerds,872
martialarts,873
Mindfulness,874
Semenretention,875
codevein,876
DrainTheSwamp,877
cinematography,878
Anarchy101,879
TikThots,880
XboxGamePass,881
iran,882
MoDaoZuShi,883
ProjectFi,884
BlueStacks,885
Miata,886
